geometry,icon,id,name,place_id,plus_code,rating,reference,types,user_ratings_total,vicinity,opening_hours,price_level,locations,Zip Code
"{'location': {'lat': 38.953571, 'lng': -77.081794}, 'viewport': {'northeast': {'lat': 38.9548855302915, 'lng': -77.08056216970849}, 'southwest': {'lat': 38.9521875697085, 'lng': -77.0832601302915}}}",https://maps.gstatic.com/mapfiles/place_api/icons/restaurant-71.png,82878abf89075c1f8b95c09aa2581da5639b5f63,Pizza Boli's,ChIJcT4XI5XJt4kRyq9I-BoOANA,"{'compound_code': 'XW39+C7 Washington, District of Columbia, United States', 'global_code': '87C4XW39+C7'}",4,ChIJcT4XI5XJt4kRyq9I-BoOANA,"['meal_delivery', 'meal_takeaway', 'restaurant', 'food', 'point_of_interest', 'establishment']",77,"4903 Wisconsin Avenue Northwest, Washington",{'open_now': True},1,"{'Match_addr': ""Pizza Boli's"", 'LongLabel': ""Pizza Boli's, 4903 Wisconsin Ave NW, Washington, DC, 20016, USA"", 'ShortLabel': ""Pizza Boli's"", 'Addr_type': 'POI', 'Type': 'Fast Food', 'PlaceName': ""Pizza Boli's"", 'AddNum': '4903', 'Address': '4903 Wisconsin Ave NW', 'Block': '', 'Sector': '', 'Neighborhood': 'Friendship Heights', 'District': '', 'City': 'Washington', 'MetroArea': 'Washington DC Metro Area', 'Subregion': 'District of Columbia', 'Region': 'District of Columbia', 'Territory': '', 'Postal': '20016', 'PostalExt': '', 'CountryCode': 'USA'}",20016
"{'location': {'lat': 38.9490319, 'lng': -77.0800191}, 'viewport': {'northeast': {'lat': 38.9503370802915, 'lng': -77.07864761970849}, 'southwest': {'lat': 38.94763911970851, 'lng': -77.0813455802915}}}",https://maps.gstatic.com/mapfiles/place_api/icons/generic_business-71.png,8c54204662f49cd159f27a4e6028df49d5077165,Domino's Pizza,ChIJcxMTcOrJt4kRLTEUp4vaAkQ,"{'compound_code': 'WWX9+JX Washington, District of Columbia, United States', 'global_code': '87C4WWX9+JX'}",2.8,ChIJcxMTcOrJt4kRLTEUp4vaAkQ,"['meal_delivery', 'meal_takeaway', 'restaurant', 'food', 'point_of_interest', 'establishment']",117,"4539 Wisconsin Avenue Northwest, Washington",{'open_now': True},1,"{'Match_addr': ""Domino's"", 'LongLabel': ""Domino's, 4539 Wisconsin Ave NW, Washington, DC, 20016, USA"", 'ShortLabel': ""Domino's"", 'Addr_type': 'POI', 'Type': 'Fast Food', 'PlaceName': ""Domino's"", 'AddNum': '4539', 'Address': '4539 Wisconsin Ave NW', 'Block': '', 'Sector': '', 'Neighborhood': 'Tenleytown', 'District': '', 'City': 'Washington', 'MetroArea': 'Washington DC Metro Area', 'Subregion': 'District of Columbia', 'Region': 'District of Columbia', 'Territory': '', 'Postal': '20016', 'PostalExt': '', 'CountryCode': 'USA'}",20016
"{'location': {'lat': 38.9207049, 'lng': -77.0721842}, 'viewport': {'northeast': {'lat': 38.92211378029149, 'lng': -77.07067786970849}, 'southwest': {'lat': 38.91941581970849, 'lng': -77.0733758302915}}}",https://maps.gstatic.com/mapfiles/place_api/icons/generic_business-71.png,5e29ffdbd1be36e3f12be45c30e21477b1c05cd4,Domino's Pizza,ChIJzQBiHEm2t4kRQwxk-OSBaD8,"{'compound_code': 'WWCH+74 Washington, District of Columbia, United States', 'global_code': '87C4WWCH+74'}",3.2,ChIJzQBiHEm2t4kRQwxk-OSBaD8,"['meal_delivery', 'meal_takeaway', 'restaurant', 'food', 'point_of_interest', 'establishment']",121,"2330 Wisconsin Avenue Northwest, Washington",{'open_now': True},1,"{'Match_addr': 'General Consulate El Salvador', 'LongLabel': 'General Consulate El Salvador, 2332 Wisconsin Ave NW, Washington, DC, 20007, USA', 'ShortLabel': 'General Consulate El Salvador', 'Addr_type': 'POI', 'Type': 'Embassy', 'PlaceName': 'General Consulate El Salvador', 'AddNum': '2332', 'Address': '2332 Wisconsin Ave NW', 'Block': '', 'Sector': '', 'Neighborhood': 'Massachusetts Avenue Heights', 'District': '', 'City': 'Washington', 'MetroArea': 'Washington DC Metro Area', 'Subregion': 'District of Columbia', 'Region': 'District of Columbia', 'Territory': '', 'Postal': '20007', 'PostalExt': '', 'CountryCode': 'USA'}",20007
"{'location': {'lat': 38.92068369999999, 'lng': -77.07153459999999}, 'viewport': {'northeast': {'lat': 38.92199438029149, 'lng': -77.0702838197085}, 'southwest': {'lat': 38.91929641970849, 'lng': -77.0729817802915}}}",https://maps.gstatic.com/mapfiles/place_api/icons/restaurant-71.png,95c098d5fae79e23e144deb8a8da0050d17ae200,Angelico Pizzeria,ChIJF145zSS2t4kRrK9Nga2uHB4,"{'compound_code': 'WWCH+79 Washington, District of Columbia, United States', 'global_code': '87C4WWCH+79'}",3.8,ChIJF145zSS2t4kRrK9Nga2uHB4,"['meal_delivery', 'restaurant', 'food', 'point_of_interest', 'establishment']",50,"2313 Wisconsin Avenue Northwest, Washington",{'open_now': True},2,"{'Match_addr': 'Spring & Sprout', 'LongLabel': 'Spring & Sprout, 2317 Wisconsin Ave NW, Washington, DC, 20007, USA', 'ShortLabel': 'Spring & Sprout', 'Addr_type': 'POI', 'Type': 'Vietnamese Food', 'PlaceName': 'Spring & Sprout', 'AddNum': '2317', 'Address': '2317 Wisconsin Ave NW', 'Block': '', 'Sector': '', 'Neighborhood': 'Naval Observatory', 'District': '', 'City': 'Washington', 'MetroArea': 'Washington DC Metro Area', 'Subregion': 'District of Columbia', 'Region': 'District of Columbia', 'Territory': '', 'Postal': '20007', 'PostalExt': '', 'CountryCode': 'USA'}",20007
"{'location': {'lat': 38.90535589999999, 'lng': -77.0679913}, 'viewport': {'northeast': {'lat': 38.9067072302915, 'lng': -77.06655831970849}, 'southwest': {'lat': 38.9040092697085, 'lng': -77.06925628029151}}}",https://maps.gstatic.com/mapfiles/place_api/icons/restaurant-71.png,3a9df4d04cf3c92a16cb4318a32d5ba5dfe3c8b1,Curry & Pie,ChIJM7avAka2t4kRlSMulfFryoc,"{'compound_code': 'WW4J+4R Washington, District of Columbia, United States', 'global_code': '87C4WW4J+4R'}",4.3,ChIJM7avAka2t4kRlSMulfFryoc,"['meal_delivery', 'restaurant', 'food', 'point_of_interest', 'establishment']",398,"1204 34th Street Northwest, Washington",{'open_now': True},2,"{'Match_addr': 'Curry & Pie', 'LongLabel': 'Curry & Pie, 1204 34th St NW, Washington, DC, 20007, USA', 'ShortLabel': 'Curry & Pie', 'Addr_type': 'POI', 'Type': 'Indian Food', 'PlaceName': 'Curry & Pie', 'AddNum': '1204', 'Address': '1204 34th St NW', 'Block': '', 'Sector': '', 'Neighborhood': 'Georgetown', 'District': '', 'City': 'Washington', 'MetroArea': 'Washington DC Metro Area', 'Subregion': 'District of Columbia', 'Region': 'District of Columbia', 'Territory': '', 'Postal': '20007', 'PostalExt': '', 'CountryCode': 'USA'}",20007
"{'location': {'lat': 38.914337, 'lng': -77.066874}, 'viewport': {'northeast': {'lat': 38.9156672302915, 'lng': -77.06558361970849}, 'southwest': {'lat': 38.9129692697085, 'lng': -77.0682815802915}}}",https://maps.gstatic.com/mapfiles/place_api/icons/generic_business-71.png,a331911b31043f1b8475768750d854e78b63e1a1,Ledo Pizza,ChIJC7wmSTe2t4kRi2B4DaloXTA,"{'compound_code': 'WW7M+P7 Washington, District of Columbia, United States', 'global_code': '87C4WW7M+P7'}",3.5,ChIJC7wmSTe2t4kRi2B4DaloXTA,"['meal_delivery', 'meal_takeaway', 'restaurant', 'food', 'point_of_interest', 'establishment']",117,"1721 Wisconsin Avenue Northwest, Washington",{'open_now': True},1,"{'Match_addr': 'Ledo Pizza and Pasta', 'LongLabel': 'Ledo Pizza and Pasta, 1721 Wisconsin Ave NW, Washington, DC, 20007, USA', 'ShortLabel': 'Ledo Pizza and Pasta', 'Addr_type': 'POI', 'Type': 'Pizza', 'PlaceName': 'Ledo Pizza and Pasta', 'AddNum': '1721', 'Address': '1721 Wisconsin Ave NW', 'Block': '', 'Sector': '', 'Neighborhood': 'Georgetown', 'District': '', 'City': 'Washington', 'MetroArea': 'Washington DC Metro Area', 'Subregion': 'District of Columbia', 'Region': 'District of Columbia', 'Territory': '', 'Postal': '20007', 'PostalExt': '', 'CountryCode': 'USA'}",20007
"{'location': {'lat': 38.91153, 'lng': -77.065167}, 'viewport': {'northeast': {'lat': 38.9128312802915, 'lng': -77.06396556970849}, 'southwest': {'lat': 38.9101333197085, 'lng': -77.0666635302915}}}",https://maps.gstatic.com/mapfiles/place_api/icons/restaurant-71.png,e1ad74addb8835d9a41fd4dc1c3564caf03d4445,Manny & Olga's Pizza,ChIJy-4Nsje2t4kRWA6OE2rsi-o,"{'compound_code': 'WW6M+JW Washington, District of Columbia, United States', 'global_code': '87C4WW6M+JW'}",3.2,ChIJy-4Nsje2t4kRWA6OE2rsi-o,"['meal_delivery', 'restaurant', 'food', 'point_of_interest', 'establishment']",121,"1641 Wisconsin Avenue Northwest, Washington",{'open_now': True},2,"{'Match_addr': ""Manny & Olga's Pizza"", 'LongLabel': ""Manny & Olga's Pizza, 1641 Wisconsin Ave NW, Washington, DC, 20007, USA"", 'ShortLabel': ""Manny & Olga's Pizza"", 'Addr_type': 'POI', 'Type': 'Fast Food', 'PlaceName': ""Manny & Olga's Pizza"", 'AddNum': '1641', 'Address': '1641 Wisconsin Ave NW', 'Block': '', 'Sector': '', 'Neighborhood': 'Georgetown', 'District': '', 'City': 'Washington', 'MetroArea': 'Washington DC Metro Area', 'Subregion': 'District of Columbia', 'Region': 'District of Columbia', 'Territory': '', 'Postal': '20007', 'PostalExt': '', 'CountryCode': 'USA'}",20007
"{'location': {'lat': 38.91132500000001, 'lng': -77.065658}, 'viewport': {'northeast': {'lat': 38.91270903029151, 'lng': -77.06420056970849}, 'southwest': {'lat': 38.91001106970851, 'lng': -77.06689853029151}}}",https://maps.gstatic.com/mapfiles/place_api/icons/generic_business-71.png,045c91fb9cbf7bff41fe1741f251b242ba5fa8c8,Pizza Movers & Calzones,ChIJtQ7lsDe2t4kRXH-FbM_5gWI,"{'compound_code': 'WW6M+GP Washington, District of Columbia, United States', 'global_code': '87C4WW6M+GP'}",3.9,ChIJtQ7lsDe2t4kRXH-FbM_5gWI,"['meal_delivery', 'meal_takeaway', 'restaurant', 'food', 'point_of_interest', 'establishment']",97,"1618 Wisconsin Avenue Northwest, Washington",{'open_now': True},1,"{'Match_addr': 'Pizza Movers & Calzones', 'LongLabel': 'Pizza Movers & Calzones, 1618 Wisconsin Ave NW, Washington, DC, 20007, USA', 'ShortLabel': 'Pizza Movers & Calzones', 'Addr_type': 'POI', 'Type': 'Pizza', 'PlaceName': 'Pizza Movers & Calzones', 'AddNum': '1618', 'Address': '1618 Wisconsin Ave NW', 'Block': '', 'Sector': '', 'Neighborhood': 'Georgetown', 'District': '', 'City': 'Washington', 'MetroArea': 'Washington DC Metro Area', 'Subregion': 'District of Columbia', 'Region': 'District of Columbia', 'Territory': '', 'Postal': '20007', 'PostalExt': '', 'CountryCode': 'USA'}",20007
"{'location': {'lat': 38.94770889999999, 'lng': -77.0651939}, 'viewport': {'northeast': {'lat': 38.9490034302915, 'lng': -77.06400006970848}, 'southwest': {'lat': 38.9463054697085, 'lng': -77.0666980302915}}}",https://maps.gstatic.com/mapfiles/place_api/icons/generic_business-71.png,cb93bbedfc66cd145550346058c8019ba5c7010d,Italian Pizza Kitchen,ChIJe1bb_cjJt4kRIAZpgjvqyHk,"{'compound_code': 'WWXM+3W Washington, District of Columbia, United States', 'global_code': '87C4WWXM+3W'}",4.3,ChIJe1bb_cjJt4kRIAZpgjvqyHk,"['meal_delivery', 'meal_takeaway', 'restaurant', 'food', 'point_of_interest', 'establishment']",123,"4483 Connecticut Avenue Northwest, Washington",{'open_now': True},,"{'Match_addr': 'Italian Pizza Kitchen', 'LongLabel': 'Italian Pizza Kitchen, 4483 Connecticut Ave NW, Washington, DC, 20008, USA', 'ShortLabel': 'Italian Pizza Kitchen', 'Addr_type': 'POI', 'Type': 'Italian Food', 'PlaceName': 'Italian Pizza Kitchen', 'AddNum': '4483', 'Address': '4483 Connecticut Ave NW', 'Block': '', 'Sector': '', 'Neighborhood': 'Forest Hills', 'District': '', 'City': 'Washington', 'MetroArea': 'Washington DC Metro Area', 'Subregion': 'District of Columbia', 'Region': 'District of Columbia', 'Territory': '', 'Postal': '20008', 'PostalExt': '', 'CountryCode': 'USA'}",20008
"{'location': {'lat': 38.9077312, 'lng': -77.0639182}, 'viewport': {'northeast': {'lat': 38.9091381302915, 'lng': -77.0625718697085}, 'southwest': {'lat': 38.9064401697085, 'lng': -77.06526983029151}}}",https://maps.gstatic.com/mapfiles/place_api/icons/restaurant-71.png,86bd36dbb28002fec721636c8f848cc053d0543b,Kitchen Number 1,ChIJEeFgvEm2t4kRJnKqGP-pzYI,"{'compound_code': 'WW5P+3C Washington, District of Columbia, United States', 'global_code': '87C4WW5P+3C'}",3.1,ChIJEeFgvEm2t4kRJnKqGP-pzYI,"['meal_delivery', 'restaurant', 'food', 'point_of_interest', 'establishment']",44,"3208 O Street Northwest #2870, Washington",{'open_now': True},1,"{'Match_addr': 'Gtown Bites', 'LongLabel': 'Gtown Bites, 3206 O St NW, Washington, DC, 20007, USA', 'ShortLabel': 'Gtown Bites', 'Addr_type': 'POI', 'Type': 'American Food', 'PlaceName': 'Gtown Bites', 'AddNum': '3206', 'Address': '3206 O St NW', 'Block': '', 'Sector': '', 'Neighborhood': 'Georgetown', 'District': '', 'City': 'Washington', 'MetroArea': 'Washington DC Metro Area', 'Subregion': 'District of Columbia', 'Region': 'District of Columbia', 'Territory': '', 'Postal': '20007', 'PostalExt': '', 'CountryCode': 'USA'}",20007
"{'location': {'lat': 38.9086683, 'lng': -77.0641476}, 'viewport': {'northeast': {'lat': 38.9100359302915, 'lng': -77.0627402197085}, 'southwest': {'lat': 38.9073379697085, 'lng': -77.06543818029151}}}",https://maps.gstatic.com/mapfiles/place_api/icons/restaurant-71.png,4f93b4c60662ad2a829726025a93d677670204db,DC Wisey's,ChIJQ4jcxEm2t4kRjSBlIl70QtU,"{'compound_code': 'WW5P+F8 Washington, District of Columbia, United States', 'global_code': '87C4WW5P+F8'}",4.1,ChIJQ4jcxEm2t4kRjSBlIl70QtU,"['meal_delivery', 'meal_takeaway', 'restaurant', 'food', 'point_of_interest', 'establishment']",104,"1440 Wisconsin Avenue Northwest, Washington",{'open_now': True},1,"{'Match_addr': ""Wisey's Chicken Madness"", 'LongLabel': ""Wisey's Chicken Madness, 1440 Wisconsin Ave NW, Washington, DC, 20007, USA"", 'ShortLabel': ""Wisey's Chicken Madness"", 'Addr_type': 'POI', 'Type': 'Fast Food', 'PlaceName': ""Wisey's Chicken Madness"", 'AddNum': '1440', 'Address': '1440 Wisconsin Ave NW', 'Block': '', 'Sector': '', 'Neighborhood': 'Georgetown', 'District': '', 'City': 'Washington', 'MetroArea': 'Washington DC Metro Area', 'Subregion': 'District of Columbia', 'Region': 'District of Columbia', 'Territory': '', 'Postal': '20007', 'PostalExt': '', 'CountryCode': 'USA'}",20007
"{'location': {'lat': 38.9086207, 'lng': -77.06415740000001}, 'viewport': {'northeast': {'lat': 38.9099931302915, 'lng': -77.0627350697085}, 'southwest': {'lat': 38.9072951697085, 'lng': -77.06543303029152}}}",https://maps.gstatic.com/mapfiles/place_api/icons/generic_business-71.png,83db0f6add1f7cb904c00682078c4d36e2635854,Al Capuccino's Pizza,ChIJLdTtxEm2t4kRAyhpox1jG1w,"{'compound_code': 'WW5P+C8 Washington, District of Columbia, United States', 'global_code': '87C4WW5P+C8'}",2.8,ChIJLdTtxEm2t4kRAyhpox1jG1w,"['meal_delivery', 'meal_takeaway', 'restaurant', 'food', 'point_of_interest', 'establishment']",4,"1438 Wisconsin Avenue Northwest, Washington",{'open_now': True},1,"{'Match_addr': 'Avocado Cafe', 'LongLabel': 'Avocado Cafe, 1438 Wisconsin Ave NW, Washington, DC, 20007, USA', 'ShortLabel': 'Avocado Cafe', 'Addr_type': 'POI', 'Type': 'American Food', 'PlaceName': 'Avocado Cafe', 'AddNum': '1438', 'Address': '1438 Wisconsin Ave NW', 'Block': '', 'Sector': '', 'Neighborhood': 'Georgetown', 'District': '', 'City': 'Washington', 'MetroArea': 'Washington DC Metro Area', 'Subregion': 'District of Columbia', 'Region': 'District of Columbia', 'Territory': '', 'Postal': '20007', 'PostalExt': '', 'CountryCode': 'USA'}",20007
"{'location': {'lat': 38.933964, 'lng': -77.05712299999999}, 'viewport': {'northeast': {'lat': 38.93527703029149, 'lng': -77.05588571970848}, 'southwest': {'lat': 38.9325790697085, 'lng': -77.05858368029149}}}",https://maps.gstatic.com/mapfiles/place_api/icons/restaurant-71.png,3817609bc133228abcb5e4ca8bb3d6b9f65e5f89,Fresh Med,ChIJRwi5pdTJt4kRp815OHmRwOY,"{'compound_code': 'WWMV+H5 Washington, District of Columbia, United States', 'global_code': '87C4WWMV+H5'}",4.4,ChIJRwi5pdTJt4kRp815OHmRwOY,"['meal_delivery', 'meal_takeaway', 'restaurant', 'food', 'point_of_interest', 'establishment']",87,"3313 Connecticut Avenue Northwest, Washington",{'open_now': True},1,"{'Match_addr': 'Fresh Med', 'LongLabel': 'Fresh Med, 3313 Connecticut Ave NW, Washington, DC, 20008, USA', 'ShortLabel': 'Fresh Med', 'Addr_type': 'POI', 'Type': 'Greek Food', 'PlaceName': 'Fresh Med', 'AddNum': '3313', 'Address': '3313 Connecticut Ave NW', 'Block': '', 'Sector': '', 'Neighborhood': 'Cleveland Park', 'District': '', 'City': 'Washington', 'MetroArea': 'Washington DC Metro Area', 'Subregion': 'District of Columbia', 'Region': 'District of Columbia', 'Territory': '', 'Postal': '20008', 'PostalExt': '', 'CountryCode': 'USA'}",20008
"{'location': {'lat': 38.9015707, 'lng': -77.0498871}, 'viewport': {'northeast': {'lat': 38.90291103029149, 'lng': -77.04865551970849}, 'southwest': {'lat': 38.9002130697085, 'lng': -77.0513534802915}}}",https://maps.gstatic.com/mapfiles/place_api/icons/restaurant-71.png,ede34b911790850b4fa579c6e57527e0750af3c0,Devon & Blakely,ChIJnb8lXbG3t4kRyJWQTbTR1NU,"{'compound_code': 'WX22+J2 Washington, District of Columbia, United States', 'global_code': '87C4WX22+J2'}",4.2,ChIJnb8lXbG3t4kRyJWQTbTR1NU,"['restaurant', 'meal_delivery', 'meal_takeaway', 'food', 'point_of_interest', 'establishment']",146,"2200 Pennsylvania Avenue Northwest, Washington",{'open_now': False},2,"{'Match_addr': '901 23rd St NW, Washington, District of Columbia, 20037', 'LongLabel': '901 23rd St NW, Washington, DC, 20037, USA', 'ShortLabel': '901 23rd St NW', 'Addr_type': 'PointAddress', 'Type': '', 'PlaceName': '', 'AddNum': '901', 'Address': '901 23rd St NW', 'Block': '', 'Sector': '', 'Neighborhood': '', 'District': '', 'City': 'Washington', 'MetroArea': '', 'Subregion': 'District of Columbia', 'Region': 'District of Columbia', 'Territory': '', 'Postal': '20037', 'PostalExt': '', 'CountryCode': 'USA'}",20037
"{'location': {'lat': 38.90290590000001, 'lng': -77.0471797}, 'viewport': {'northeast': {'lat': 38.9041211802915, 'lng': -77.0458316697085}, 'southwest': {'lat': 38.90142321970851, 'lng': -77.04852963029151}}}",https://maps.gstatic.com/mapfiles/place_api/icons/restaurant-71.png,f052ae57f6b688604a9730afcb0fe9aedd680e01,HomeSlyce DC,ChIJrc6iL7e3t4kRTPDzz6TI_ho,"{'compound_code': 'WX33+54 Washington, District of Columbia, United States', 'global_code': '87C4WX33+54'}",4.5,ChIJrc6iL7e3t4kRTPDzz6TI_ho,"['meal_delivery', 'meal_takeaway', 'bar', 'restaurant', 'food', 'point_of_interest', 'establishment']",217,"2121 K Street Northwest, Washington",{'open_now': True},,"{'Match_addr': 'George Washington University Student Health Service', 'LongLabel': 'George Washington University Student Health Service, 2121 K St NW, Washington, DC, 20037, USA', 'ShortLabel': 'George Washington University Student Health Service', 'Addr_type': 'POI', 'Type': 'College', 'PlaceName': 'George Washington University Student Health Service', 'AddNum': '2121', 'Address': '2121 K St NW', 'Block': '', 'Sector': '', 'Neighborhood': '', 'District': '', 'City': 'Washington', 'MetroArea': '', 'Subregion': 'District of Columbia', 'Region': 'District of Columbia', 'Territory': '', 'Postal': '20037', 'PostalExt': '', 'CountryCode': 'USA'}",20037
"{'location': {'lat': 38.9028168, 'lng': -77.046082}, 'viewport': {'northeast': {'lat': 38.9040712802915, 'lng': -77.0447353697085}, 'southwest': {'lat': 38.9013733197085, 'lng': -77.04743333029151}}}",https://maps.gstatic.com/mapfiles/place_api/icons/generic_business-71.png,5d60ee3f151873a4724268834d948bba51ce3414,Domino's Pizza,ChIJlWlFSLe3t4kRz6T5efpRbus,"{'compound_code': 'WX33+4H Washington, District of Columbia, United States', 'global_code': '87C4WX33+4H'}",3.2,ChIJlWlFSLe3t4kRz6T5efpRbus,"['meal_delivery', 'meal_takeaway', 'restaurant', 'food', 'point_of_interest', 'establishment']",199,"2029 K Street Northwest, Washington",{'open_now': True},1,"{'Match_addr': ""Domino's"", 'LongLabel': ""Domino's, 2029 K St NW, Washington, DC, 20006, USA"", 'ShortLabel': ""Domino's"", 'Addr_type': 'POI', 'Type': 'Fast Food', 'PlaceName': ""Domino's"", 'AddNum': '2029', 'Address': '2029 K St NW', 'Block': '', 'Sector': '', 'Neighborhood': 'Connecticut Avenue/K Street', 'District': '', 'City': 'Washington', 'MetroArea': 'Washington DC Metro Area', 'Subregion': 'District of Columbia', 'Region': 'District of Columbia', 'Territory': '', 'Postal': '20006', 'PostalExt': '', 'CountryCode': 'USA'}",20006
"{'location': {'lat': 38.909459, 'lng': -77.04584299999999}, 'viewport': {'northeast': {'lat': 38.9109045802915, 'lng': -77.04449461970849}, 'southwest': {'lat': 38.9082066197085, 'lng': -77.0471925802915}}}",https://maps.gstatic.com/mapfiles/place_api/icons/restaurant-71.png,89921b6e01db2272286034f98b109daa20e884f4,New Dynasty,ChIJl2JZZMi3t4kRZFkJ3rd8IsA,"{'compound_code': 'WX53+QM Washington, District of Columbia, United States', 'global_code': '87C4WX53+QM'}",4.1,ChIJl2JZZMi3t4kRZFkJ3rd8IsA,"['meal_delivery', 'restaurant', 'food', 'point_of_interest', 'establishment']",270,"2020 P Street Northwest, Washington",{'open_now': True},2,"{'Match_addr': ""Mark and Orlando's"", 'LongLabel': ""Mark and Orlando's, 2020 P St NW, Washington, DC, 20036, USA"", 'ShortLabel': ""Mark and Orlando's"", 'Addr_type': 'POI', 'Type': 'American Food', 'PlaceName': ""Mark and Orlando's"", 'AddNum': '2020', 'Address': '2020 P St NW', 'Block': '', 'Sector': '', 'Neighborhood': 'Dupont Circle', 'District': '', 'City': 'Washington', 'MetroArea': 'Washington DC Metro Area', 'Subregion': 'District of Columbia', 'Region': 'District of Columbia', 'Territory': '', 'Postal': '20036', 'PostalExt': '', 'CountryCode': 'USA'}",20036
"{'location': {'lat': 38.90120999999999, 'lng': -77.04405}, 'viewport': {'northeast': {'lat': 38.9026255302915, 'lng': -77.04270101970849}, 'southwest': {'lat': 38.8999275697085, 'lng': -77.04539898029151}}}",https://maps.gstatic.com/mapfiles/place_api/icons/restaurant-71.png,081dd6379d9477673576b2a0b31be54db16853f3,Chalin's Restaurant,ChIJM41QELq3t4kREv2ymtTGF_g,"{'compound_code': 'WX24+F9 Washington, District of Columbia, United States', 'global_code': '87C4WX24+F9'}",3.8,ChIJM41QELq3t4kREv2ymtTGF_g,"['meal_delivery', 'meal_takeaway', 'restaurant', 'food', 'point_of_interest', 'establishment']",274,"1912 I Street Northwest, Washington",{'open_now': True},2,"{'Match_addr': 'Hunan House', 'LongLabel': 'Hunan House, 1912 I St NW, Washington, DC, 20006, USA', 'ShortLabel': 'Hunan House', 'Addr_type': 'POI', 'Type': 'Chinese Food', 'PlaceName': 'Hunan House', 'AddNum': '1912', 'Address': '1912 I St NW', 'Block': '', 'Sector': '', 'Neighborhood': 'Connecticut Avenue/K Street', 'District': '', 'City': 'Washington', 'MetroArea': 'Washington DC Metro Area', 'Subregion': 'District of Columbia', 'Region': 'District of Columbia', 'Territory': '', 'Postal': '20006', 'PostalExt': '', 'CountryCode': 'USA'}",20006
"{'location': {'lat': 38.9010656, 'lng': -77.0446742}, 'viewport': {'northeast': {'lat': 38.9024147802915, 'lng': -77.0434423697085}, 'southwest': {'lat': 38.8997168197085, 'lng': -77.04614033029152}}}",https://maps.gstatic.com/mapfiles/place_api/icons/restaurant-71.png,057f97f2457420b120e189e576c8f63490e6c6ec,Penn Grill,ChIJPRlGCrq3t4kR8D2xs_cstZE,"{'compound_code': 'WX24+C4 Washington, District of Columbia, United States', 'global_code': '87C4WX24+C4'}",4.5,ChIJPRlGCrq3t4kR8D2xs_cstZE,"['meal_delivery', 'restaurant', 'food', 'point_of_interest', 'establishment']",128,"825 20th Street Northwest, Washington",{'open_now': False},1,"{'Match_addr': 'Penn Grille', 'LongLabel': 'Penn Grille, 825 20th St NW, Washington, DC, 20006, USA', 'ShortLabel': 'Penn Grille', 'Addr_type': 'POI', 'Type': 'Fast Food', 'PlaceName': 'Penn Grille', 'AddNum': '825', 'Address': '825 20th St NW', 'Block': '', 'Sector': '', 'Neighborhood': 'Connecticut Avenue/K Street', 'District': '', 'City': 'Washington', 'MetroArea': 'Washington DC Metro Area', 'Subregion': 'District of Columbia', 'Region': 'District of Columbia', 'Territory': '', 'Postal': '20006', 'PostalExt': '', 'CountryCode': 'USA'}",20006
"{'location': {'lat': 38.90305800000001, 'lng': -77.0437496}, 'viewport': {'northeast': {'lat': 38.90440718029151, 'lng': -77.0422539697085}, 'southwest': {'lat': 38.90170921970851, 'lng': -77.0449519302915}}}",https://maps.gstatic.com/mapfiles/place_api/icons/restaurant-71.png,d8869d3eee6fb6ca84f5e1ef5d8463a9b65ac371,Rice Bar,ChIJiV8twLm3t4kRnIBFgVEeUb8,"{'compound_code': 'WX34+6G Washington, District of Columbia, United States', 'global_code': '87C4WX34+6G'}",4.5,ChIJiV8twLm3t4kRnIBFgVEeUb8,"['meal_delivery', 'restaurant', 'food', 'point_of_interest', 'store', 'establishment']",177,"1020 19th Street Northwest, Washington",{'open_now': False},1,"{'Match_addr': 'SunTrust', 'LongLabel': 'SunTrust, 1020 19th St NW, Washington, DC, 20036, USA', 'ShortLabel': 'SunTrust', 'Addr_type': 'POI', 'Type': 'Bank', 'PlaceName': 'SunTrust', 'AddNum': '1020', 'Address': '1020 19th St NW', 'Block': '', 'Sector': '', 'Neighborhood': 'Connecticut Avenue/K Street', 'District': '', 'City': 'Washington', 'MetroArea': 'Washington DC Metro Area', 'Subregion': 'District of Columbia', 'Region': 'District of Columbia', 'Territory': '', 'Postal': '20036', 'PostalExt': '', 'CountryCode': 'USA'}",20036
"{'location': {'lat': 38.921705, 'lng': -77.042005}, 'viewport': {'northeast': {'lat': 38.92302103029149, 'lng': -77.0408285197085}, 'southwest': {'lat': 38.92032306970849, 'lng': -77.0435264802915}}}",https://maps.gstatic.com/mapfiles/place_api/icons/restaurant-71.png,ed11f5fca95672940f2563d633f00d6a5a2bcd9a,Pizza Mart - Jumbo Slice Pizza,ChIJO0m-Mtq3t4kRXxpjyoIDEps,"{'compound_code': 'WXC5+M5 Washington, District of Columbia, United States', 'global_code': '87C4WXC5+M5'}",4.2,ChIJO0m-Mtq3t4kRXxpjyoIDEps,"['meal_delivery', 'restaurant', 'food', 'point_of_interest', 'establishment']",131,"2445 18th Street Northwest, Washington",{'open_now': True},2,"{'Match_addr': 'Pizza Mart', 'LongLabel': 'Pizza Mart, 2445 18th St NW, Washington, DC, 20009, USA', 'ShortLabel': 'Pizza Mart', 'Addr_type': 'POI', 'Type': 'Pizza', 'PlaceName': 'Pizza Mart', 'AddNum': '2445', 'Address': '2445 18th St NW', 'Block': '', 'Sector': '', 'Neighborhood': 'Adams Morgan', 'District': '', 'City': 'Washington', 'MetroArea': 'Washington DC Metro Area', 'Subregion': 'District of Columbia', 'Region': 'District of Columbia', 'Territory': '', 'Postal': '20009', 'PostalExt': '', 'CountryCode': 'USA'}",20009
"{'location': {'lat': 38.9173418, 'lng': -77.0413681}, 'viewport': {'northeast': {'lat': 38.9186881802915, 'lng': -77.0401602697085}, 'southwest': {'lat': 38.9159902197085, 'lng': -77.0428582302915}}}",https://maps.gstatic.com/mapfiles/place_api/icons/restaurant-71.png,fe30905ea6a8c662b1d6197a1b5f2b8c3be81d3f,DC Pizza & Kabob,ChIJ48lgdmW3t4kRPDp0q1HVKoM,"{'compound_code': 'WX85+WF Washington, District of Columbia, United States', 'global_code': '87C4WX85+WF'}",4.3,ChIJ48lgdmW3t4kRPDp0q1HVKoM,"['meal_delivery', 'meal_takeaway', 'restaurant', 'food', 'point_of_interest', 'establishment']",29,"2005 18th Street Northwest, Washington",{'open_now': True},,"{'Match_addr': 'Admass Market', 'LongLabel': 'Admass Market, 2005 18th St NW, Washington, DC, 20009, USA', 'ShortLabel': 'Admass Market', 'Addr_type': 'POI', 'Type': 'Grocery', 'PlaceName': 'Admass Market', 'AddNum': '2005', 'Address': '2005 18th St NW', 'Block': '', 'Sector': '', 'Neighborhood': 'Adams Morgan', 'District': '', 'City': 'Washington', 'MetroArea': 'Washington DC Metro Area', 'Subregion': 'District of Columbia', 'Region': 'District of Columbia', 'Territory': '', 'Postal': '20009', 'PostalExt': '', 'CountryCode': 'USA'}",20009
"{'location': {'lat': 38.899519, 'lng': -77.040308}, 'viewport': {'northeast': {'lat': 38.9007004802915, 'lng': -77.03905571970849}, 'southwest': {'lat': 38.8980025197085, 'lng': -77.0417536802915}}}",https://maps.gstatic.com/mapfiles/place_api/icons/restaurant-71.png,a96a734d9cdb1bf5aa7e5f48462ef46752d573b8,Jimmy John's,ChIJlSIPmbu3t4kRxfbuErxRwlI,"{'compound_code': 'VXX5+RV Washington, District of Columbia, United States', 'global_code': '87C4VXX5+RV'}",3.8,ChIJlSIPmbu3t4kRxfbuErxRwlI,"['meal_delivery', 'restaurant', 'food', 'point_of_interest', 'establishment']",74,"1717 Pennsylvania Avenue Northwest Ste. 150, Washington",{'open_now': False},1,"{'Match_addr': 'Capital One', 'LongLabel': 'Capital One, 1717 Pennsylvania Ave NW, Washington, DC, 20006, USA', 'ShortLabel': 'Capital One', 'Addr_type': 'POI', 'Type': 'ATM', 'PlaceName': 'Capital One', 'AddNum': '1717', 'Address': '1717 Pennsylvania Ave NW', 'Block': '', 'Sector': '', 'Neighborhood': 'Connecticut Avenue/K Street', 'District': '', 'City': 'Washington', 'MetroArea': 'Washington DC Metro Area', 'Subregion': 'District of Columbia', 'Region': 'District of Columbia', 'Territory': '', 'Postal': '20006', 'PostalExt': '', 'CountryCode': 'USA'}",20006
"{'location': {'lat': 38.90388799999999, 'lng': -77.0392765}, 'viewport': {'northeast': {'lat': 38.9051631802915, 'lng': -77.03793016970849}, 'southwest': {'lat': 38.9024652197085, 'lng': -77.04062813029151}}}",https://maps.gstatic.com/mapfiles/place_api/icons/shopping-71.png,e0f1539c5f6b63b9d0e644bffde399ec50e304b4,Italian Gourmet Deli,ChIJ67ylKrm3t4kRyCNYC8PTdoM,"{'compound_code': 'WX36+H7 Washington, District of Columbia, United States', 'global_code': '87C4WX36+H7'}",4.1,ChIJ67ylKrm3t4kRyCNYC8PTdoM,"['meal_delivery', 'meal_takeaway', 'restaurant', 'food', 'point_of_interest', 'store', 'establishment']",146,"1707 L Street Northwest, Washington",{'open_now': False},1,"{'Match_addr': 'Robeks', 'LongLabel': 'Robeks, 1707 L St NW, Washington, DC, 20036, USA', 'ShortLabel': 'Robeks', 'Addr_type': 'POI', 'Type': 'Fast Food', 'PlaceName': 'Robeks', 'AddNum': '1707', 'Address': '1707 L St NW', 'Block': '', 'Sector': '', 'Neighborhood': 'Connecticut Avenue/K Street', 'District': '', 'City': 'Washington', 'MetroArea': 'Washington DC Metro Area', 'Subregion': 'District of Columbia', 'Region': 'District of Columbia', 'Territory': '', 'Postal': '20036', 'PostalExt': '', 'CountryCode': 'USA'}",20036
"{'location': {'lat': 38.902269, 'lng': -77.037115}, 'viewport': {'northeast': {'lat': 38.9036956302915, 'lng': -77.03576801970848}, 'southwest': {'lat': 38.9009976697085, 'lng': -77.03846598029149}}}",https://maps.gstatic.com/mapfiles/place_api/icons/restaurant-71.png,d91d85df2784e1adf4198d4213cd9a6c2c7348ae,Fuel Pizza & Wings,ChIJ_9COkb63t4kRM1Soxk6-OYw,"{'compound_code': 'WX27+W5 Washington, District of Columbia, United States', 'global_code': '87C4WX27+W5'}",3.9,ChIJ_9COkb63t4kRM1Soxk6-OYw,"['meal_delivery', 'restaurant', 'food', 'point_of_interest', 'establishment']",520,"1606 K Street Northwest, Washington",{'open_now': True},1,"{'Match_addr': 'Fuel Pizza & Wings', 'LongLabel': 'Fuel Pizza & Wings, 1606 K St NW, Washington, DC, 20006, USA', 'ShortLabel': 'Fuel Pizza & Wings', 'Addr_type': 'POI', 'Type': 'Italian Food', 'PlaceName': 'Fuel Pizza & Wings', 'AddNum': '1606', 'Address': '1606 K St NW', 'Block': '', 'Sector': '', 'Neighborhood': 'Connecticut Avenue/K Street', 'District': '', 'City': 'Washington', 'MetroArea': 'Washington DC Metro Area', 'Subregion': 'District of Columbia', 'Region': 'District of Columbia', 'Territory': '', 'Postal': '20006', 'PostalExt': '', 'CountryCode': 'USA'}",20006
"{'location': {'lat': 38.9470501, 'lng': -77.0330061}, 'viewport': {'northeast': {'lat': 38.9483988302915, 'lng': -77.0315142697085}, 'southwest': {'lat': 38.9457008697085, 'lng': -77.0342122302915}}}",https://maps.gstatic.com/mapfiles/place_api/icons/restaurant-71.png,669f0fc74275882e46f33624ae3e20b96b5d4948,La Villa Pizza,ChIJ4SuorWrIt4kRG3XNb02qfLk,"{'compound_code': 'WXW8+RQ Washington, District of Columbia, United States', 'global_code': '87C4WXW8+RQ'}",4,ChIJ4SuorWrIt4kRG3XNb02qfLk,"['meal_delivery', 'meal_takeaway', 'restaurant', 'food', 'point_of_interest', 'establishment']",114,"4632 14th Street Northwest, Washington",{'open_now': True},1,"{'Match_addr': 'La Villa Pizzeria', 'LongLabel': 'La Villa Pizzeria, 4632 14th St NW, Washington, DC, 20011, USA', 'ShortLabel': 'La Villa Pizzeria', 'Addr_type': 'POI', 'Type': 'American Food', 'PlaceName': 'La Villa Pizzeria', 'AddNum': '4632', 'Address': '4632 14th St NW', 'Block': '', 'Sector': '', 'Neighborhood': 'Petworth', 'District': '', 'City': 'Washington', 'MetroArea': 'Washington DC Metro Area', 'Subregion': 'District of Columbia', 'Region': 'District of Columbia', 'Territory': '', 'Postal': '20011', 'PostalExt': '', 'CountryCode': 'USA'}",20011
"{'location': {'lat': 38.916673, 'lng': -77.0324459}, 'viewport': {'northeast': {'lat': 38.9181893302915, 'lng': -77.0310990697085}, 'southwest': {'lat': 38.9154913697085, 'lng': -77.03379703029151}}}",https://maps.gstatic.com/mapfiles/place_api/icons/restaurant-71.png,1baf4665587de5d29a01a782c1f659a9d978dc7f,Jimmy John's,ChIJrb3J6Oe3t4kRs8JuDPpcZPY,"{'compound_code': 'WX89+M2 Washington, District of Columbia, United States', 'global_code': '87C4WX89+M2'}",4,ChIJrb3J6Oe3t4kRs8JuDPpcZPY,"['meal_delivery', 'restaurant', 'food', 'point_of_interest', 'establishment']",61,"1408 U Street Northwest, Washington",{'open_now': True},1,"{'Match_addr': 'Wells Fargo', 'LongLabel': 'Wells Fargo, 1934 14th St NW, Washington, DC, 20009, USA', 'ShortLabel': 'Wells Fargo', 'Addr_type': 'POI', 'Type': 'ATM', 'PlaceName': 'Wells Fargo', 'AddNum': '1934', 'Address': '1934 14th St NW', 'Block': '', 'Sector': '', 'Neighborhood': 'Cardozo/Shaw', 'District': '', 'City': 'Washington', 'MetroArea': 'Washington DC Metro Area', 'Subregion': 'District of Columbia', 'Region': 'District of Columbia', 'Territory': '', 'Postal': '20009', 'PostalExt': '', 'CountryCode': 'USA'}",20009
"{'location': {'lat': 38.9251877, 'lng': -77.0319478}, 'viewport': {'northeast': {'lat': 38.9265296802915, 'lng': -77.03076706970849}, 'southwest': {'lat': 38.9238317197085, 'lng': -77.03346503029151}}}",https://maps.gstatic.com/mapfiles/place_api/icons/generic_business-71.png,db4b7b86c913d229b275493db1694b060cf0906e,Domino's Pizza,ChIJoxUp5-e3t4kR6LQ1sddDy6Q,"{'compound_code': 'WXG9+36 Washington, District of Columbia, United States', 'global_code': '87C4WXG9+36'}",3.2,ChIJoxUp5-e3t4kR6LQ1sddDy6Q,"['meal_delivery', 'meal_takeaway', 'restaurant', 'food', 'point_of_interest', 'establishment']",199,"2701 14th Street Northwest, Washington",{'open_now': True},1,"{'Match_addr': ""Domino's"", 'LongLabel': ""Domino's, 2701 14th St NW, Washington, DC, 20009, USA"", 'ShortLabel': ""Domino's"", 'Addr_type': 'POI', 'Type': 'Fast Food', 'PlaceName': ""Domino's"", 'AddNum': '2701', 'Address': '2701 14th St NW', 'Block': '', 'Sector': '', 'Neighborhood': 'Columbia Heights', 'District': '', 'City': 'Washington', 'MetroArea': 'Washington DC Metro Area', 'Subregion': 'District of Columbia', 'Region': 'District of Columbia', 'Territory': '', 'Postal': '20009', 'PostalExt': '', 'CountryCode': 'USA'}",20009
"{'location': {'lat': 38.9040869, 'lng': -77.0315286}, 'viewport': {'northeast': {'lat': 38.9055765302915, 'lng': -77.0301873197085}, 'southwest': {'lat': 38.90287856970851, 'lng': -77.03288528029151}}}",https://maps.gstatic.com/mapfiles/place_api/icons/restaurant-71.png,d8f89a8abc2a9eb7848a6fa529d319034abec3f9,Jimmy John's,ChIJtxkPmbu3t4kRG_-bo-COp7M,"{'compound_code': 'WX39+J9 Washington, District of Columbia, United States', 'global_code': '87C4WX39+J9'}",3.9,ChIJtxkPmbu3t4kRG_-bo-COp7M,"['meal_delivery', 'restaurant', 'food', 'point_of_interest', 'establishment']",127,"1101 14th Street Northwest Ste. 103, Washington",{'open_now': False},1,"{'Match_addr': 'City Buffet Restaurant', 'LongLabel': 'City Buffet Restaurant, 1101 14th St NW, Washington, DC, 20005, USA', 'ShortLabel': 'City Buffet Restaurant', 'Addr_type': 'POI', 'Type': 'Chinese Food', 'PlaceName': 'City Buffet Restaurant', 'AddNum': '1101', 'Address': '1101 14th St NW', 'Block': '', 'Sector': '', 'Neighborhood': 'Downtown', 'District': '', 'City': 'Washington', 'MetroArea': 'Washington DC Metro Area', 'Subregion': 'District of Columbia', 'Region': 'District of Columbia', 'Territory': '', 'Postal': '20005', 'PostalExt': '', 'CountryCode': 'USA'}",20005
"{'location': {'lat': 38.915272, 'lng': -77.031678}, 'viewport': {'northeast': {'lat': 38.91661918029151, 'lng': -77.03046791970849}, 'southwest': {'lat': 38.91392121970851, 'lng': -77.03316588029149}}}",https://maps.gstatic.com/mapfiles/place_api/icons/generic_business-71.png,3cc469aac7b69cf2517ae1cefe3ad4960382c5d3,Manny & Olga's Pizza,ChIJfY6ybei3t4kRbUx0bLKKf8o,"{'compound_code': 'WX89+48 Washington, District of Columbia, United States', 'global_code': '87C4WX89+48'}",3.4,ChIJfY6ybei3t4kRbUx0bLKKf8o,"['meal_delivery', 'restaurant', 'food', 'point_of_interest', 'establishment']",232,"1841 14th Street Northwest, Washington",{'open_now': True},2,"{'Match_addr': ""Manny & Olga's Pizza"", 'LongLabel': ""Manny & Olga's Pizza, 1841 14th St NW, Washington, DC, 20009, USA"", 'ShortLabel': ""Manny & Olga's Pizza"", 'Addr_type': 'POI', 'Type': 'Fast Food', 'PlaceName': ""Manny & Olga's Pizza"", 'AddNum': '1841', 'Address': '1841 14th St NW', 'Block': '', 'Sector': '', 'Neighborhood': 'Cardozo/Shaw', 'District': '', 'City': 'Washington', 'MetroArea': 'Washington DC Metro Area', 'Subregion': 'District of Columbia', 'Region': 'District of Columbia', 'Territory': '', 'Postal': '20009', 'PostalExt': '', 'CountryCode': 'USA'}",20009
"{'location': {'lat': 38.9169172, 'lng': -77.0314099}, 'viewport': {'northeast': {'lat': 38.9183139802915, 'lng': -77.0300607697085}, 'southwest': {'lat': 38.9156160197085, 'lng': -77.0327587302915}}}",https://maps.gstatic.com/mapfiles/place_api/icons/restaurant-71.png,5ccc550f857746274a5d1e7e297645e59184d2b0,Jumbo Pizza,ChIJ2z2Kxee3t4kRWSaZNncLx8I,"{'compound_code': 'WX89+QC Washington, District of Columbia, United States', 'global_code': '87C4WX89+QC'}",2.9,ChIJ2z2Kxee3t4kRWSaZNncLx8I,"['meal_delivery', 'meal_takeaway', 'restaurant', 'food', 'point_of_interest', 'establishment']",167,"1344 U Street Northwest, Washington",{'open_now': True},1,"{'Match_addr': 'Desperados', 'LongLabel': 'Desperados, 1342 U St NW, Washington, DC, 20009, USA', 'ShortLabel': 'Desperados', 'Addr_type': 'POI', 'Type': 'American Food', 'PlaceName': 'Desperados', 'AddNum': '1342', 'Address': '1342 U St NW', 'Block': '', 'Sector': '', 'Neighborhood': 'Cardozo/Shaw', 'District': '', 'City': 'Washington', 'MetroArea': 'Washington DC Metro Area', 'Subregion': 'District of Columbia', 'Region': 'District of Columbia', 'Territory': '', 'Postal': '20009', 'PostalExt': '', 'CountryCode': 'USA'}",20009
"{'location': {'lat': 38.9035077, 'lng': -77.03000399999999}, 'viewport': {'northeast': {'lat': 38.9049752302915, 'lng': -77.0286571697085}, 'southwest': {'lat': 38.9022772697085, 'lng': -77.0313551302915}}}",https://maps.gstatic.com/mapfiles/place_api/icons/generic_business-71.png,cd12cb98d0f4f6e3db1ee427f4c0acecf5a65b25,Domino's Pizza,ChIJae6p-5S3t4kRtD-SmqhTqEA,"{'compound_code': 'WX39+CX Washington, District of Columbia, United States', 'global_code': '87C4WX39+CX'}",2.8,ChIJae6p-5S3t4kRtD-SmqhTqEA,"['meal_delivery', 'meal_takeaway', 'restaurant', 'food', 'point_of_interest', 'establishment']",320,"1300 L Street Northwest, Washington",{'open_now': True},1,"{'Match_addr': ""Domino's"", 'LongLabel': ""Domino's, 1300 L St NW, Washington, DC, 20005, USA"", 'ShortLabel': ""Domino's"", 'Addr_type': 'POI', 'Type': 'Fast Food', 'PlaceName': ""Domino's"", 'AddNum': '1300', 'Address': '1300 L St NW', 'Block': '', 'Sector': '', 'Neighborhood': 'Downtown', 'District': '', 'City': 'Washington', 'MetroArea': 'Washington DC Metro Area', 'Subregion': 'District of Columbia', 'Region': 'District of Columbia', 'Territory': '', 'Postal': '20005', 'PostalExt': '', 'CountryCode': 'USA'}",20005
"{'location': {'lat': 38.89812879999999, 'lng': -77.0285932}, 'viewport': {'northeast': {'lat': 38.89957078029149, 'lng': -77.0272445197085}, 'southwest': {'lat': 38.8968728197085, 'lng': -77.02994248029151}}}",https://maps.gstatic.com/mapfiles/place_api/icons/restaurant-71.png,30979d899882cfd70b95dac079856eb71be11cca,Jimmy John's,ChIJX28i25a3t4kRMRsRbwGuPRc,"{'compound_code': 'VXXC+7H Washington, District of Columbia, United States', 'global_code': '87C4VXXC+7H'}",4,ChIJX28i25a3t4kRMRsRbwGuPRc,"['meal_delivery', 'restaurant', 'food', 'point_of_interest', 'establishment']",72,"1208 G Street Northwest, Washington",{'open_now': False},1,"{'Match_addr': ""Jimmy John's"", 'LongLabel': ""Jimmy John's, 1208 G St NW, Washington, DC, 20005, USA"", 'ShortLabel': ""Jimmy John's"", 'Addr_type': 'POI', 'Type': 'Fast Food', 'PlaceName': ""Jimmy John's"", 'AddNum': '1208', 'Address': '1208 G St NW', 'Block': '', 'Sector': '', 'Neighborhood': 'Downtown', 'District': '', 'City': 'Washington', 'MetroArea': 'Washington DC Metro Area', 'Subregion': 'District of Columbia', 'Region': 'District of Columbia', 'Territory': '', 'Postal': '20005', 'PostalExt': '', 'CountryCode': 'USA'}",20005
"{'location': {'lat': 38.909153, 'lng': -77.02824439999999}, 'viewport': {'northeast': {'lat': 38.91050158029149, 'lng': -77.02680871970848}, 'southwest': {'lat': 38.9078036197085, 'lng': -77.0295066802915}}}",https://maps.gstatic.com/mapfiles/place_api/icons/generic_business-71.png,d8763db5dff9ce89ff399d19be0307032bcd3bc4,Pizzolis Pizzeria,ChIJ1bcwt_q3t4kRJRFIIyqoWZ8,"{'compound_code': 'WX5C+MP Washington, District of Columbia, United States', 'global_code': '87C4WX5C+MP'}",4.2,ChIJ1bcwt_q3t4kRJRFIIyqoWZ8,"['meal_delivery', 'meal_takeaway', 'restaurant', 'food', 'point_of_interest', 'store', 'establishment']",283,"1418 12th Street Northwest, Washington",{'open_now': True},1,"{'Match_addr': ""Pizzoli's Pizzeria"", 'LongLabel': ""Pizzoli's Pizzeria, 1418 12th St NW, Washington, DC, 20005, USA"", 'ShortLabel': ""Pizzoli's Pizzeria"", 'Addr_type': 'POI', 'Type': 'American Food', 'PlaceName': ""Pizzoli's Pizzeria"", 'AddNum': '1418', 'Address': '1418 12th St NW', 'Block': '', 'Sector': '', 'Neighborhood': 'Logan Circle/Shaw', 'District': '', 'City': 'Washington', 'MetroArea': 'Washington DC Metro Area', 'Subregion': 'District of Columbia', 'Region': 'District of Columbia', 'Territory': '', 'Postal': '20005', 'PostalExt': '', 'CountryCode': 'USA'}",20005
"{'location': {'lat': 38.9676422, 'lng': -77.02799999999999}, 'viewport': {'northeast': {'lat': 38.96890038029149, 'lng': -77.0266594697085}, 'southwest': {'lat': 38.96620241970849, 'lng': -77.02935743029151}}}",https://maps.gstatic.com/mapfiles/place_api/icons/generic_business-71.png,0f99ee18e8c27abcbbf1e3dd07c9bdc98b1ce79a,Domino's Pizza,ChIJQTaABIrIt4kRVeUJmKtZD5k,"{'compound_code': 'XX9C+3R Washington, District of Columbia, United States', 'global_code': '87C4XX9C+3R'}",3.8,ChIJQTaABIrIt4kRVeUJmKtZD5k,"['meal_delivery', 'meal_takeaway', 'restaurant', 'food', 'point_of_interest', 'establishment']",157,"1211 Tuckerman Street Northwest, Washington",{'open_now': True},1,"{'Match_addr': ""Domino's"", 'LongLabel': ""Domino's, 1211 Tuckerman St NW, Washington, DC, 20011, USA"", 'ShortLabel': ""Domino's"", 'Addr_type': 'POI', 'Type': 'Fast Food', 'PlaceName': ""Domino's"", 'AddNum': '1211', 'Address': '1211 Tuckerman St NW', 'Block': '', 'Sector': '', 'Neighborhood': 'Brightwood', 'District': '', 'City': 'Washington', 'MetroArea': 'Washington DC Metro Area', 'Subregion': 'District of Columbia', 'Region': 'District of Columbia', 'Territory': '', 'Postal': '20011', 'PostalExt': '', 'CountryCode': 'USA'}",20011
"{'location': {'lat': 38.978708, 'lng': -77.026212}, 'viewport': {'northeast': {'lat': 38.98005493029149, 'lng': -77.0249749697085}, 'southwest': {'lat': 38.9773569697085, 'lng': -77.0276729302915}}}",https://maps.gstatic.com/mapfiles/place_api/icons/generic_business-71.png,add44ea8f0215562f8227a49ff1a8fcc2ae4069c,Angelico Pizza,ChIJk5nqvZHIt4kRkhYmfYkiMVA,"{'compound_code': 'XXHF+FG Washington, District of Columbia, United States', 'global_code': '87C4XXHF+FG'}",4,ChIJk5nqvZHIt4kRkhYmfYkiMVA,"['meal_delivery', 'meal_takeaway', 'restaurant', 'food', 'point_of_interest', 'establishment']",41,"7311 Georgia Avenue Northwest, Washington",{'open_now': True},2,"{'Match_addr': 'Angelico Pizzeria', 'LongLabel': 'Angelico Pizzeria, 7311 Georgia Ave NW, Washington, DC, 20012, USA', 'ShortLabel': 'Angelico Pizzeria', 'Addr_type': 'POI', 'Type': 'Fast Food', 'PlaceName': 'Angelico Pizzeria', 'AddNum': '7311', 'Address': '7311 Georgia Ave NW', 'Block': '', 'Sector': '', 'Neighborhood': 'Takoma', 'District': '', 'City': 'Washington', 'MetroArea': 'Washington DC Metro Area', 'Subregion': 'District of Columbia', 'Region': 'District of Columbia', 'Territory': '', 'Postal': '20012', 'PostalExt': '', 'CountryCode': 'USA'}",20012
"{'location': {'lat': 38.93479, 'lng': -77.02424599999999}, 'viewport': {'northeast': {'lat': 38.9361466802915, 'lng': -77.02281251970848}, 'southwest': {'lat': 38.9334487197085, 'lng': -77.02551048029149}}}",https://maps.gstatic.com/mapfiles/place_api/icons/restaurant-71.png,9c79828c8998587ece3f67016bec10d2db95b82c,Manny & Olga's Pizza,ChIJQXXTjRrIt4kRIT_DbOD_r40,"{'compound_code': 'WXMG+W8 Washington, District of Columbia, United States', 'global_code': '87C4WXMG+W8'}",3.6,ChIJQXXTjRrIt4kRIT_DbOD_r40,"['meal_delivery', 'meal_takeaway', 'restaurant', 'food', 'point_of_interest', 'establishment']",215,"3624 Georgia Avenue Northwest, Washington",{'open_now': True},1,"{'Match_addr': ""Manny & Olga's Pizza"", 'LongLabel': ""Manny & Olga's Pizza, 3624 Georgia Ave NW, Washington, DC, 20010, USA"", 'ShortLabel': ""Manny & Olga's Pizza"", 'Addr_type': 'POI', 'Type': 'Fast Food', 'PlaceName': ""Manny & Olga's Pizza"", 'AddNum': '3624', 'Address': '3624 Georgia Ave NW', 'Block': '', 'Sector': '', 'Neighborhood': 'Columbia Heights', 'District': '', 'City': 'Washington', 'MetroArea': 'Washington DC Metro Area', 'Subregion': 'District of Columbia', 'Region': 'District of Columbia', 'Territory': '', 'Postal': '20010', 'PostalExt': '', 'CountryCode': 'USA'}",20010
"{'location': {'lat': 38.9176536, 'lng': -77.0232207}, 'viewport': {'northeast': {'lat': 38.9190592302915, 'lng': -77.02187161970849}, 'southwest': {'lat': 38.9163612697085, 'lng': -77.02456958029151}}}",https://maps.gstatic.com/mapfiles/place_api/icons/restaurant-71.png,5e7130aa135921459121c92228aa1f54b6ee96ae,DECLARATION RESTAURANT,ChIJtzpxIOW3t4kR0dvgm8q9DII,"{'compound_code': 'WX9G+3P Washington, District of Columbia, United States', 'global_code': '87C4WX9G+3P'}",4,ChIJtzpxIOW3t4kR0dvgm8q9DII,"['meal_delivery', 'bar', 'restaurant', 'food', 'point_of_interest', 'establishment']",201,"804 V Street Northwest, Washington",{'open_now': False},2,"{'Match_addr': 'Hazel', 'LongLabel': 'Hazel, 808 V St NW, Washington, DC, 20001, USA', 'ShortLabel': 'Hazel', 'Addr_type': 'POI', 'Type': 'American Food', 'PlaceName': 'Hazel', 'AddNum': '808', 'Address': '808 V St NW', 'Block': '', 'Sector': '', 'Neighborhood': 'Cardozo/Shaw', 'District': '', 'City': 'Washington', 'MetroArea': 'Washington DC Metro Area', 'Subregion': 'District of Columbia', 'Region': 'District of Columbia', 'Territory': '', 'Postal': '20001', 'PostalExt': '', 'CountryCode': 'USA'}",20001
"{'location': {'lat': 38.9562523, 'lng': -77.0221402}, 'viewport': {'northeast': {'lat': 38.9576729302915, 'lng': -77.0207941197085}, 'southwest': {'lat': 38.9549749697085, 'lng': -77.0234920802915}}}",https://maps.gstatic.com/mapfiles/place_api/icons/restaurant-71.png,12ce00025dadea5ab05afb22ad0583d9bbbc6620,Yum's Carryout,ChIJT1GsVWXIt4kRJ5B3V0hJGxk,"{'compound_code': 'XX4H+G4 Washington, District of Columbia, United States', 'global_code': '87C4XX4H+G4'}",3.8,ChIJT1GsVWXIt4kRJ5B3V0hJGxk,"['meal_takeaway', 'meal_delivery', 'restaurant', 'food', 'point_of_interest', 'establishment']",49,"628 Kennedy Street Northwest, Washington",{'open_now': True},1,"{'Match_addr': ""Yum's Carryout"", 'LongLabel': ""Yum's Carryout, 628 Kennedy St NW, Washington, DC, 20011, USA"", 'ShortLabel': ""Yum's Carryout"", 'Addr_type': 'POI', 'Type': 'Chinese Food', 'PlaceName': ""Yum's Carryout"", 'AddNum': '628', 'Address': '628 Kennedy St NW', 'Block': '', 'Sector': '', 'Neighborhood': 'Brightwood Park', 'District': '', 'City': 'Washington', 'MetroArea': 'Washington DC Metro Area', 'Subregion': 'District of Columbia', 'Region': 'District of Columbia', 'Territory': '', 'Postal': '20011', 'PostalExt': '', 'CountryCode': 'USA'}",20011
"{'location': {'lat': 38.915418, 'lng': -77.021711}, 'viewport': {'northeast': {'lat': 38.9167674302915, 'lng': -77.0204669697085}, 'southwest': {'lat': 38.9140694697085, 'lng': -77.0231649302915}}}",https://maps.gstatic.com/mapfiles/place_api/icons/restaurant-71.png,c364eaa8f497329422a22bdb7fd5f3c4b1274ba3,Dragon Express,ChIJmdz8rPq3t4kRj46vn4iIGBQ,"{'compound_code': 'WX8H+58 Washington, District of Columbia, United States', 'global_code': '87C4WX8H+58'}",3.7,ChIJmdz8rPq3t4kRj46vn4iIGBQ,"['meal_delivery', 'meal_takeaway', 'restaurant', 'food', 'point_of_interest', 'establishment']",22,"1855 7th Street Northwest, Washington",{'open_now': True},1,"{'Match_addr': 'Dragon Express', 'LongLabel': 'Dragon Express, 1855 7th St NW, Washington, DC, 20001, USA', 'ShortLabel': 'Dragon Express', 'Addr_type': 'POI', 'Type': 'American Food', 'PlaceName': 'Dragon Express', 'AddNum': '1855', 'Address': '1855 7th St NW', 'Block': '', 'Sector': '', 'Neighborhood': 'Cardozo/Shaw', 'District': '', 'City': 'Washington', 'MetroArea': 'Washington DC Metro Area', 'Subregion': 'District of Columbia', 'Region': 'District of Columbia', 'Territory': '', 'Postal': '20001', 'PostalExt': '', 'CountryCode': 'USA'}",20001
"{'location': {'lat': 38.8970808, 'lng': -77.0201124}, 'viewport': {'northeast': {'lat': 38.8983937802915, 'lng': -77.0186577197085}, 'southwest': {'lat': 38.89569581970851, 'lng': -77.0213556802915}}}",https://maps.gstatic.com/mapfiles/place_api/icons/restaurant-71.png,83343ff6447815bf1d95c60351989f328f2de641,Fuel Pizza and Wings,ChIJj0YjsDy4t4kR70HcIJYcWLk,"{'compound_code': 'VXWH+RX Washington, District of Columbia, United States', 'global_code': '87C4VXWH+RX'}",4.1,ChIJj0YjsDy4t4kR70HcIJYcWLk,"['meal_delivery', 'restaurant', 'food', 'point_of_interest', 'establishment']",412,"600 F Street Northwest, Washington",{'open_now': False},1,"{'Match_addr': 'Oriental Building Association', 'LongLabel': 'Oriental Building Association, 600 F St NW, Washington, DC, 20004, USA', 'ShortLabel': 'Oriental Building Association', 'Addr_type': 'POI', 'Type': 'Building', 'PlaceName': 'Oriental Building Association', 'AddNum': '600', 'Address': '600 F St NW', 'Block': '', 'Sector': '', 'Neighborhood': '', 'District': '', 'City': 'Washington', 'MetroArea': '', 'Subregion': 'District of Columbia', 'Region': 'District of Columbia', 'Territory': '', 'Postal': '20004', 'PostalExt': '', 'CountryCode': 'USA'}",20004
"{'location': {'lat': 38.91481399999999, 'lng': -77.01807199999999}, 'viewport': {'northeast': {'lat': 38.91609503029149, 'lng': -77.01677426970849}, 'southwest': {'lat': 38.91339706970849, 'lng': -77.0194722302915}}}",https://maps.gstatic.com/mapfiles/place_api/icons/restaurant-71.png,6a402456dd6113edb119c893785f413853ed6ff3,Pizzarro,ChIJZ7brdvq3t4kRmACclqP1egI,"{'compound_code': 'WX7J+WQ Washington, District of Columbia, United States', 'global_code': '87C4WX7J+WQ'}",4.2,ChIJZ7brdvq3t4kRmACclqP1egI,"['meal_delivery', 'meal_takeaway', 'restaurant', 'food', 'point_of_interest', 'establishment']",137,"467 Florida Avenue Northwest, Washington",{'open_now': True},1,"{'Match_addr': 'Pizzarro', 'LongLabel': 'Pizzarro, 467 Florida Ave NW, Washington, DC, 20001, USA', 'ShortLabel': 'Pizzarro', 'Addr_type': 'POI', 'Type': 'Pizza', 'PlaceName': 'Pizzarro', 'AddNum': '467', 'Address': '467 Florida Ave NW', 'Block': '', 'Sector': '', 'Neighborhood': 'Le Droit Park', 'District': '', 'City': 'Washington', 'MetroArea': 'Washington DC Metro Area', 'Subregion': 'District of Columbia', 'Region': 'District of Columbia', 'Territory': '', 'Postal': '20001', 'PostalExt': '', 'CountryCode': 'USA'}",20001
"{'location': {'lat': 38.914819, 'lng': -77.0180668}, 'viewport': {'northeast': {'lat': 38.9160972802915, 'lng': -77.0167711197085}, 'southwest': {'lat': 38.9133993197085, 'lng': -77.0194690802915}}}",https://maps.gstatic.com/mapfiles/place_api/icons/restaurant-71.png,aaf53a0a02c0d3c306f4bf029548c6c235d999eb,Urfa Tomato Kabob,ChIJfxi2dvq3t4kRVDBwL7kCJVc,"{'compound_code': 'WX7J+WQ Washington, District of Columbia, United States', 'global_code': '87C4WX7J+WQ'}",3.8,ChIJfxi2dvq3t4kRVDBwL7kCJVc,"['meal_delivery', 'meal_takeaway', 'restaurant', 'food', 'point_of_interest', 'establishment']",12,"467 Florida Avenue Northwest Suite B, Washington",{'open_now': True},,"{'Match_addr': 'Pizzarro', 'LongLabel': 'Pizzarro, 467 Florida Ave NW, Washington, DC, 20001, USA', 'ShortLabel': 'Pizzarro', 'Addr_type': 'POI', 'Type': 'Pizza', 'PlaceName': 'Pizzarro', 'AddNum': '467', 'Address': '467 Florida Ave NW', 'Block': '', 'Sector': '', 'Neighborhood': 'Le Droit Park', 'District': '', 'City': 'Washington', 'MetroArea': 'Washington DC Metro Area', 'Subregion': 'District of Columbia', 'Region': 'District of Columbia', 'Territory': '', 'Postal': '20001', 'PostalExt': '', 'CountryCode': 'USA'}",20001
"{'location': {'lat': 38.9655143, 'lng': -77.0164252}, 'viewport': {'northeast': {'lat': 38.9668639302915, 'lng': -77.01494841970849}, 'southwest': {'lat': 38.9641659697085, 'lng': -77.01764638029151}}}",https://maps.gstatic.com/mapfiles/place_api/icons/restaurant-71.png,513ac76af021572f6566a2fa2999f4d95b48b373,Peaches Kitchen Restaurant & Catering Service,ChIJnVXM-H3It4kR5bl5h5R6CLg,"{'compound_code': 'XX8M+6C Washington, District of Columbia, United States', 'global_code': '87C4XX8M+6C'}",4.2,ChIJnVXM-H3It4kR5bl5h5R6CLg,"['meal_delivery', 'restaurant', 'food', 'point_of_interest', 'establishment']",281,"6214 3rd Street Northwest, Washington",{'open_now': False},2,"{'Match_addr': 'Peaches Kitchen Restaurant and Catering', 'LongLabel': 'Peaches Kitchen Restaurant and Catering, 6214 3rd St NW, Washington, DC, 20011, USA', 'ShortLabel': 'Peaches Kitchen Restaurant and Catering', 'Addr_type': 'POI', 'Type': 'American Food', 'PlaceName': 'Peaches Kitchen Restaurant and Catering', 'AddNum': '6214', 'Address': '6214 3rd St NW', 'Block': '', 'Sector': '', 'Neighborhood': 'Manor Park', 'District': '', 'City': 'Washington', 'MetroArea': 'Washington DC Metro Area', 'Subregion': 'District of Columbia', 'Region': 'District of Columbia', 'Territory': '', 'Postal': '20011', 'PostalExt': '', 'CountryCode': 'USA'}",20011
"{'location': {'lat': 38.92964790000001, 'lng': -77.00437269999999}, 'viewport': {'northeast': {'lat': 38.93087858029151, 'lng': -77.00281701970849}, 'southwest': {'lat': 38.92818061970851, 'lng': -77.0055149802915}}}",https://maps.gstatic.com/mapfiles/place_api/icons/generic_business-71.png,867f78ccf138b6a433d996a23e8e51a55e1a78aa,Domino's Pizza,ChIJGwqYvufHt4kRfEP0yXQ0yEg,"{'compound_code': 'WXHW+V7 Washington, District of Columbia, United States', 'global_code': '87C4WXHW+V7'}",2.1,ChIJGwqYvufHt4kRfEP0yXQ0yEg,"['meal_delivery', 'meal_takeaway', 'restaurant', 'food', 'point_of_interest', 'establishment']",279,"208 Michigan Avenue Northeast, Washington",{'open_now': True},1,"{'Match_addr': 'Wings over', 'LongLabel': 'Wings over, 204 Michigan Ave NE, Washington, DC, 20017, USA', 'ShortLabel': 'Wings over', 'Addr_type': 'POI', 'Type': 'American Food', 'PlaceName': 'Wings over', 'AddNum': '204', 'Address': '204 Michigan Ave NE', 'Block': '', 'Sector': '', 'Neighborhood': 'Edgewood', 'District': '', 'City': 'Washington', 'MetroArea': 'Washington DC Metro Area', 'Subregion': 'District of Columbia', 'Region': 'District of Columbia', 'Territory': '', 'Postal': '20017', 'PostalExt': '', 'CountryCode': 'USA'}",20017
"{'location': {'lat': 38.9081126, 'lng': -77.00329409999999}, 'viewport': {'northeast': {'lat': 38.9094617302915, 'lng': -77.00204996970848}, 'southwest': {'lat': 38.9067637697085, 'lng': -77.00474793029149}}}",https://maps.gstatic.com/mapfiles/place_api/icons/generic_business-71.png,fa109f8edb93a618aabc2ab378354c72a444137a,Domino's Pizza,ChIJ90LLZm24t4kRjBkPGGEmK0w,"{'compound_code': 'WX5W+6M Washington, District of Columbia, United States', 'global_code': '87C4WX5W+6M'}",2.3,ChIJ90LLZm24t4kRjBkPGGEmK0w,"['meal_delivery', 'meal_takeaway', 'restaurant', 'food', 'point_of_interest', 'establishment']",248,"1335 2nd Street Northeast, Washington",{'open_now': True},1,"{'Match_addr': '1335 2nd St NE, Washington, District of Columbia, 20002', 'LongLabel': '1335 2nd St NE, Washington, DC, 20002, USA', 'ShortLabel': '1335 2nd St NE', 'Addr_type': 'PointAddress', 'Type': '', 'PlaceName': '', 'AddNum': '1335', 'Address': '1335 2nd St NE', 'Block': '', 'Sector': '', 'Neighborhood': '', 'District': '', 'City': 'Washington', 'MetroArea': '', 'Subregion': 'District of Columbia', 'Region': 'District of Columbia', 'Territory': '', 'Postal': '20002', 'PostalExt': '', 'CountryCode': 'USA'}",20002
"{'location': {'lat': 38.8866041, 'lng': -77.0017192}, 'viewport': {'northeast': {'lat': 38.88805508029149, 'lng': -77.00034066970849}, 'southwest': {'lat': 38.88535711970849, 'lng': -77.0030386302915}}}",https://maps.gstatic.com/mapfiles/place_api/icons/restaurant-71.png,162c010ca97087269aac2afdf759e63171a3b87c,"We, The Pizza",ChIJ6SKY1C24t4kRVb0IVpY-tZo,"{'compound_code': 'VXPX+J8 Washington, District of Columbia, United States', 'global_code': '87C4VXPX+J8'}",4.4,ChIJ6SKY1C24t4kRVb0IVpY-tZo,"['meal_delivery', 'meal_takeaway', 'restaurant', 'food', 'point_of_interest', 'establishment']",1499,"305 Pennsylvania Avenue Southeast, Washington",{'open_now': True},1,"{'Match_addr': 'Lustre Formal Wear', 'LongLabel': 'Lustre Formal Wear, 311 Pennsylvania Ave SE, Washington, DC, 20003, USA', 'ShortLabel': 'Lustre Formal Wear', 'Addr_type': 'POI', 'Type': 'Childrens Apparel', 'PlaceName': 'Lustre Formal Wear', 'AddNum': '311', 'Address': '311 Pennsylvania Ave SE', 'Block': '', 'Sector': '', 'Neighborhood': 'Capitol Hill', 'District': '', 'City': 'Washington', 'MetroArea': 'Washington DC Metro Area', 'Subregion': 'District of Columbia', 'Region': 'District of Columbia', 'Territory': '', 'Postal': '20003', 'PostalExt': '', 'CountryCode': 'USA'}",20003
"{'location': {'lat': 38.8822316, 'lng': -76.9953338}, 'viewport': {'northeast': {'lat': 38.8835802302915, 'lng': -76.99380606970848}, 'southwest': {'lat': 38.8808822697085, 'lng': -76.9965040302915}}}",https://maps.gstatic.com/mapfiles/place_api/icons/restaurant-71.png,514a0459f5503ea64cf701db8878b6d22db0d0a9,Szechuan House,ChIJaZ0CPDO4t4kR7atv2SO6p6A,"{'compound_code': 'V2J3+VV Washington, District of Columbia, United States', 'global_code': '87C5V2J3+VV'}",3.5,ChIJaZ0CPDO4t4kR7atv2SO6p6A,"['meal_delivery', 'restaurant', 'food', 'point_of_interest', 'establishment']",39,"515 8th Street Southeast 2nd floor, Washington",{'open_now': False},2,"{'Match_addr': 'Las Placitas', 'LongLabel': 'Las Placitas, 517 8th St SE, Washington, DC, 20003, USA', 'ShortLabel': 'Las Placitas', 'Addr_type': 'POI', 'Type': 'Mexican Food', 'PlaceName': 'Las Placitas', 'AddNum': '517', 'Address': '517 8th St SE', 'Block': '', 'Sector': '', 'Neighborhood': 'Capitol Hill', 'District': '', 'City': 'Washington', 'MetroArea': 'Washington DC Metro Area', 'Subregion': 'District of Columbia', 'Region': 'District of Columbia', 'Territory': '', 'Postal': '20003', 'PostalExt': '', 'CountryCode': 'USA'}",20003
"{'location': {'lat': 38.88316200000001, 'lng': -76.99517999999999}, 'viewport': {'northeast': {'lat': 38.8845108302915, 'lng': -76.99372811970849}, 'southwest': {'lat': 38.8818128697085, 'lng': -76.99642608029151}}}",https://maps.gstatic.com/mapfiles/place_api/icons/restaurant-71.png,e6cfef10d0a37066d53ad32edd3a2d26f390513c,Pizza Boli's,ChIJ1T-wDzO4t4kR7tuYWbwUrsk,"{'compound_code': 'V2M3+7W Washington, District of Columbia, United States', 'global_code': '87C5V2M3+7W'}",3.8,ChIJ1T-wDzO4t4kR7tuYWbwUrsk,"['meal_delivery', 'meal_takeaway', 'restaurant', 'food', 'point_of_interest', 'establishment']",149,"417 8th Street Southeast, Washington",{'open_now': True},1,"{'Match_addr': 'Eatbar', 'LongLabel': 'Eatbar, 415 8th St SE, Washington, DC, 20003, USA', 'ShortLabel': 'Eatbar', 'Addr_type': 'POI', 'Type': 'American Food', 'PlaceName': 'Eatbar', 'AddNum': '415', 'Address': '415 8th St SE', 'Block': '', 'Sector': '', 'Neighborhood': 'Capitol Hill', 'District': '', 'City': 'Washington', 'MetroArea': 'Washington DC Metro Area', 'Subregion': 'District of Columbia', 'Region': 'District of Columbia', 'Territory': '', 'Postal': '20003', 'PostalExt': '', 'CountryCode': 'USA'}",20003
"{'location': {'lat': 38.87667649999999, 'lng': -76.99334619999999}, 'viewport': {'northeast': {'lat': 38.8779524802915, 'lng': -76.99199721970848}, 'southwest': {'lat': 38.8752545197085, 'lng': -76.9946951802915}}}",https://maps.gstatic.com/mapfiles/place_api/icons/generic_business-71.png,7a8328871d67ed4b337c7a245b54a245422a9336,Domino's Pizza,ChIJb6CbDsy5t4kRV_wK6je63BI,"{'compound_code': 'V2G4+MM Washington, District of Columbia, United States', 'global_code': '87C5V2G4+MM'}",2.7,ChIJb6CbDsy5t4kRV_wK6je63BI,"['meal_delivery', 'meal_takeaway', 'restaurant', 'food', 'point_of_interest', 'establishment']",349,"900 M Street Southeast, Washington",{'open_now': True},1,"{'Match_addr': 'Wagtime Too', 'LongLabel': 'Wagtime Too, 900 M St SE, Washington, DC, 20003, USA', 'ShortLabel': 'Wagtime Too', 'Addr_type': 'POI', 'Type': 'Specialty Store', 'PlaceName': 'Wagtime Too', 'AddNum': '900', 'Address': '900 M St SE', 'Block': '', 'Sector': '', 'Neighborhood': 'Near Southeast', 'District': '', 'City': 'Washington', 'MetroArea': 'Washington DC Metro Area', 'Subregion': 'District of Columbia', 'Region': 'District of Columbia', 'Territory': '', 'Postal': '20003', 'PostalExt': '', 'CountryCode': 'USA'}",20003
"{'location': {'lat': 38.936502, 'lng': -76.993929}, 'viewport': {'northeast': {'lat': 38.9378839802915, 'lng': -76.9924751697085}, 'southwest': {'lat': 38.9351860197085, 'lng': -76.9951731302915}}}",https://maps.gstatic.com/mapfiles/place_api/icons/restaurant-71.png,9028d81c1de757f5f4efdec88fdeaae9a233de75,Pizza Boli's Brookland,ChIJMYJIlu3Ht4kR38bJdsqBp0Q,"{'compound_code': 'W2P4+JC Washington, District of Columbia, United States', 'global_code': '87C5W2P4+JC'}",3.4,ChIJMYJIlu3Ht4kR38bJdsqBp0Q,"['meal_delivery', 'meal_takeaway', 'restaurant', 'food', 'point_of_interest', 'establishment']",139,"3738 10th Street Northeast, Washington",{'open_now': True},1,"{'Match_addr': ""Pizza Boli's"", 'LongLabel': ""Pizza Boli's, 3738 10th St NE, Washington, DC, 20017, USA"", 'ShortLabel': ""Pizza Boli's"", 'Addr_type': 'POI', 'Type': 'Fast Food', 'PlaceName': ""Pizza Boli's"", 'AddNum': '3738', 'Address': '3738 10th St NE', 'Block': '', 'Sector': '', 'Neighborhood': 'University Heights', 'District': '', 'City': 'Washington', 'MetroArea': 'Washington DC Metro Area', 'Subregion': 'District of Columbia', 'Region': 'District of Columbia', 'Territory': '', 'Postal': '20017', 'PostalExt': '', 'CountryCode': 'USA'}",20017
"{'location': {'lat': 38.90398380000001, 'lng': -76.9926773}, 'viewport': {'northeast': {'lat': 38.90526293029151, 'lng': -76.9913787197085}, 'southwest': {'lat': 38.90256496970851, 'lng': -76.9940766802915}}}",https://maps.gstatic.com/mapfiles/place_api/icons/generic_business-71.png,6bd3ba57f8cb566f92b6826e5994b853cdce8b94,Sicilian Pizza,ChIJE7C2LBS4t4kRiArnZEouDZg,"{'compound_code': 'W234+HW Washington, District of Columbia, United States', 'global_code': '87C5W234+HW'}",3.7,ChIJE7C2LBS4t4kRiArnZEouDZg,"['meal_delivery', 'meal_takeaway', 'restaurant', 'food', 'point_of_interest', 'establishment']",116,"1004 Florida Avenue Northeast, Washington",{'open_now': True},2,"{'Match_addr': 'Sicilian Pizza', 'LongLabel': 'Sicilian Pizza, 1004 Florida Ave NE, Washington, DC, 20002, USA', 'ShortLabel': 'Sicilian Pizza', 'Addr_type': 'POI', 'Type': 'Italian Food', 'PlaceName': 'Sicilian Pizza', 'AddNum': '1004', 'Address': '1004 Florida Ave NE', 'Block': '', 'Sector': '', 'Neighborhood': 'Trinidad', 'District': '', 'City': 'Washington', 'MetroArea': 'Washington DC Metro Area', 'Subregion': 'District of Columbia', 'Region': 'District of Columbia', 'Territory': '', 'Postal': '20002', 'PostalExt': '', 'CountryCode': 'USA'}",20002
"{'location': {'lat': 38.92565150000001, 'lng': -76.9902501}, 'viewport': {'northeast': {'lat': 38.9269974302915, 'lng': -76.9890035697085}, 'southwest': {'lat': 38.92429946970851, 'lng': -76.99170153029151}}}",https://maps.gstatic.com/mapfiles/place_api/icons/restaurant-71.png,f3ef8ae22de19b45edc921d05379825837f4806c,Sammy Carry-Out,ChIJB8aavkbHt4kRteM-qZYcsok,"{'compound_code': 'W2G5+7V Washington, District of Columbia, United States', 'global_code': '87C5W2G5+7V'}",3.3,ChIJB8aavkbHt4kRteM-qZYcsok,"['meal_delivery', 'meal_takeaway', 'restaurant', 'food', 'point_of_interest', 'establishment']",89,"2801 12th Street Northeast, Washington",{'open_now': True},,"{'Match_addr': 'Sammy Carry-Out', 'LongLabel': 'Sammy Carry-Out, 2801 12th St NE, Washington, DC, 20017, USA', 'ShortLabel': 'Sammy Carry-Out', 'Addr_type': 'POI', 'Type': 'Chinese Food', 'PlaceName': 'Sammy Carry-Out', 'AddNum': '2801', 'Address': '2801 12th St NE', 'Block': '', 'Sector': '', 'Neighborhood': 'Brookland', 'District': '', 'City': 'Washington', 'MetroArea': 'Washington DC Metro Area', 'Subregion': 'District of Columbia', 'Region': 'District of Columbia', 'Territory': '', 'Postal': '20017', 'PostalExt': '', 'CountryCode': 'USA'}",20017
"{'location': {'lat': 38.8657917, 'lng': -76.989122}, 'viewport': {'northeast': {'lat': 38.8671690802915, 'lng': -76.9878763697085}, 'southwest': {'lat': 38.8644711197085, 'lng': -76.99057433029151}}}",https://maps.gstatic.com/mapfiles/place_api/icons/restaurant-71.png,9f602e6803c2fd950a18bb42d18808c8be03c07d,Mama's Pizza Kitchen,ChIJj4vDH8G5t4kRX-Pl5QeEGuA,"{'compound_code': 'V286+89 Washington, District of Columbia, United States', 'global_code': '87C5V286+89'}",4.2,ChIJj4vDH8G5t4kRX-Pl5QeEGuA,"['meal_delivery', 'meal_takeaway', 'restaurant', 'food', 'point_of_interest', 'store', 'establishment']",405,"2028 Martin Luther King Junior Avenue Southeast, Washington",{'open_now': True},1,"{'Match_addr': ""Mama's Kitchen"", 'LongLabel': ""Mama's Kitchen, 2028 Martin Luther King Jr Ave SE, Washington, DC, 20020, USA"", 'ShortLabel': ""Mama's Kitchen"", 'Addr_type': 'POI', 'Type': 'American Food', 'PlaceName': ""Mama's Kitchen"", 'AddNum': '2028', 'Address': '2028 Martin Luther King Jr Ave SE', 'Block': '', 'Sector': '', 'Neighborhood': 'Historic Anacostia', 'District': '', 'City': 'Washington', 'MetroArea': 'Washington DC Metro Area', 'Subregion': 'District of Columbia', 'Region': 'District of Columbia', 'Territory': '', 'Postal': '20020', 'PostalExt': '', 'CountryCode': 'USA'}",20020
"{'location': {'lat': 38.90005540000001, 'lng': -76.9850976}, 'viewport': {'northeast': {'lat': 38.90147908029151, 'lng': -76.9837483197085}, 'southwest': {'lat': 38.89878111970851, 'lng': -76.9864462802915}}}",https://maps.gstatic.com/mapfiles/place_api/icons/restaurant-71.png,468683319938e21a5d275bb67529931ed6c294dc,Manny & Olga's Pizza,ChIJQyDeJEC4t4kRtK9b1H1FYRE,"{'compound_code': 'W227+2X Washington, District of Columbia, United States', 'global_code': '87C5W227+2X'}",3.5,ChIJQyDeJEC4t4kRtK9b1H1FYRE,"['meal_delivery', 'meal_takeaway', 'restaurant', 'food', 'point_of_interest', 'establishment']",256,"1409 H Street Northeast, Washington",{'open_now': True},1,"{'Match_addr': '1409 H St NE, Washington, District of Columbia, 20002', 'LongLabel': '1409 H St NE, Washington, DC, 20002, USA', 'ShortLabel': '1409 H St NE', 'Addr_type': 'PointAddress', 'Type': '', 'PlaceName': '', 'AddNum': '1409', 'Address': '1409 H St NE', 'Block': '', 'Sector': '', 'Neighborhood': '', 'District': '', 'City': 'Washington', 'MetroArea': '', 'Subregion': 'District of Columbia', 'Region': 'District of Columbia', 'Territory': '', 'Postal': '20002', 'PostalExt': '', 'CountryCode': 'USA'}",20002
"{'location': {'lat': 38.91520199999999, 'lng': -76.985248}, 'viewport': {'northeast': {'lat': 38.9166875302915, 'lng': -76.9839771697085}, 'southwest': {'lat': 38.9139895697085, 'lng': -76.9866751302915}}}",https://maps.gstatic.com/mapfiles/place_api/icons/generic_business-71.png,9ddf50e0b2cb0c3aa1001ae5ff10f8f266fca1d8,Palette Dome Cuisine,ChIJT5HFb3O4t4kRRrH31qjQFA8,"{'compound_code': 'W287+3W Washington, District of Columbia, United States', 'global_code': '87C5W287+3W'}",5,ChIJT5HFb3O4t4kRRrH31qjQFA8,"['meal_delivery', 'meal_takeaway', 'restaurant', 'food', 'point_of_interest', 'establishment']",2,"1369 New York Avenue Northeast, Washington",{'open_now': False},,"{'Match_addr': 'Republic Restoratives Distillery and Craft Cocktail Bar', 'LongLabel': 'Republic Restoratives Distillery and Craft Cocktail Bar, 1369 New York Ave NE, Washington, DC, 20002, USA', 'ShortLabel': 'Republic Restoratives Distillery and Craft Cocktail Bar', 'Addr_type': 'POI', 'Type': 'American Food', 'PlaceName': 'Republic Restoratives Distillery and Craft Cocktail Bar', 'AddNum': '1369', 'Address': '1369 New York Ave NE', 'Block': '', 'Sector': '', 'Neighborhood': 'Ivy City', 'District': '', 'City': 'Washington', 'MetroArea': 'Washington DC Metro Area', 'Subregion': 'District of Columbia', 'Region': 'District of Columbia', 'Territory': '', 'Postal': '20002', 'PostalExt': '', 'CountryCode': 'USA'}",20002
"{'location': {'lat': 38.915078, 'lng': -76.98503269999999}, 'viewport': {'northeast': {'lat': 38.9166463802915, 'lng': -76.98380926970849}, 'southwest': {'lat': 38.9139484197085, 'lng': -76.9865072302915}}}",https://maps.gstatic.com/mapfiles/place_api/icons/generic_business-71.png,cdfab6a5193a541c5ba2da063d665f61d17c2b02,Della Barba Pizza,ChIJvc45Ggm3t4kRm_AQ5gaWudg,"{'compound_code': 'W287+2X Washington, District of Columbia, United States', 'global_code': '87C5W287+2X'}",5,ChIJvc45Ggm3t4kRm_AQ5gaWudg,"['meal_delivery', 'meal_takeaway', 'restaurant', 'food', 'point_of_interest', 'establishment']",9,"1369 New York Avenue Northeast, Washington",{'open_now': False},,"{'Match_addr': 'Chase Auto Repair', 'LongLabel': 'Chase Auto Repair, 2006 Fenwick St NE, Washington, DC, 20002, USA', 'ShortLabel': 'Chase Auto Repair', 'Addr_type': 'POI', 'Type': 'Auto Maintenance', 'PlaceName': 'Chase Auto Repair', 'AddNum': '2006', 'Address': '2006 Fenwick St NE', 'Block': '', 'Sector': '', 'Neighborhood': 'Ivy City', 'District': '', 'City': 'Washington', 'MetroArea': 'Washington DC Metro Area', 'Subregion': 'District of Columbia', 'Region': 'District of Columbia', 'Territory': '', 'Postal': '20002', 'PostalExt': '', 'CountryCode': 'USA'}",20002
"{'location': {'lat': 38.880056, 'lng': -76.983954}, 'viewport': {'northeast': {'lat': 38.8813087302915, 'lng': -76.9826697197085}, 'southwest': {'lat': 38.8786107697085, 'lng': -76.9853676802915}}}",https://maps.gstatic.com/mapfiles/place_api/icons/restaurant-71.png,cbb0baeec7cb019b3b0a2e42e7bc68c73078cb2c,New York Pizza DC,ChIJi8OsMrW5t4kRojlIisRu9UA,"{'compound_code': 'V2J8+2C Washington, District of Columbia, United States', 'global_code': '87C5V2J8+2C'}",3.6,ChIJi8OsMrW5t4kRojlIisRu9UA,"['meal_delivery', 'restaurant', 'food', 'point_of_interest', 'establishment']",246,"1442 Pennsylvania Avenue Southeast, Washington",{'open_now': True},2,"{'Match_addr': 'Lucky Carryout', 'LongLabel': 'Lucky Carryout, 1430 Pennsylvania Ave SE, Washington, DC, 20003, USA', 'ShortLabel': 'Lucky Carryout', 'Addr_type': 'POI', 'Type': 'Chinese Food', 'PlaceName': 'Lucky Carryout', 'AddNum': '1430', 'Address': '1430 Pennsylvania Ave SE', 'Block': '', 'Sector': '', 'Neighborhood': 'Hill East', 'District': '', 'City': 'Washington', 'MetroArea': 'Washington DC Metro Area', 'Subregion': 'District of Columbia', 'Region': 'District of Columbia', 'Territory': '', 'Postal': '20003', 'PostalExt': '', 'CountryCode': 'USA'}",20003
"{'location': {'lat': 38.880056, 'lng': -76.983954}, 'viewport': {'northeast': {'lat': 38.8813087302915, 'lng': -76.9826697197085}, 'southwest': {'lat': 38.8786107697085, 'lng': -76.9853676802915}}}",https://maps.gstatic.com/mapfiles/place_api/icons/restaurant-71.png,31293431942f2bf61ef6cd0c6ec8168241a1488a,New York Pizza And Grill Kabob,ChIJaexRLEu4t4kRA5m0W-ChDBc,"{'compound_code': 'V2J8+2C Washington, District of Columbia, United States', 'global_code': '87C5V2J8+2C'}",4.2,ChIJaexRLEu4t4kRA5m0W-ChDBc,"['meal_delivery', 'meal_takeaway', 'restaurant', 'food', 'point_of_interest', 'store', 'establishment']",187,"1442 Pennsylvania Avenue Southeast, Washington",{'open_now': True},,"{'Match_addr': 'Lucky Carryout', 'LongLabel': 'Lucky Carryout, 1430 Pennsylvania Ave SE, Washington, DC, 20003, USA', 'ShortLabel': 'Lucky Carryout', 'Addr_type': 'POI', 'Type': 'Chinese Food', 'PlaceName': 'Lucky Carryout', 'AddNum': '1430', 'Address': '1430 Pennsylvania Ave SE', 'Block': '', 'Sector': '', 'Neighborhood': 'Hill East', 'District': '', 'City': 'Washington', 'MetroArea': 'Washington DC Metro Area', 'Subregion': 'District of Columbia', 'Region': 'District of Columbia', 'Territory': '', 'Postal': '20003', 'PostalExt': '', 'CountryCode': 'USA'}",20003
"{'location': {'lat': 38.846439, 'lng': -76.98049499999999}, 'viewport': {'northeast': {'lat': 38.8478564302915, 'lng': -76.97916101970849}, 'southwest': {'lat': 38.8451584697085, 'lng': -76.98185898029149}}}",https://maps.gstatic.com/mapfiles/place_api/icons/restaurant-71.png,eb52c246ce52f53f68ea357b2a6dcb137dab8ae2,Pizza Boli's,ChIJHbzUZI65t4kRHIFnvYDfFGI,"{'compound_code': 'R2W9+HR Washington, District of Columbia, United States', 'global_code': '87C5R2W9+HR'}",3.3,ChIJHbzUZI65t4kRHIFnvYDfFGI,"['meal_delivery', 'meal_takeaway', 'restaurant', 'food', 'point_of_interest', 'establishment']",191,"1567 Alabama Avenue Southeast, Washington",{'open_now': True},1,"{'Match_addr': ""Pizza Boli's"", 'LongLabel': ""Pizza Boli's, 1567 Alabama Ave SE, Washington, DC, 20032, USA"", 'ShortLabel': ""Pizza Boli's"", 'Addr_type': 'POI', 'Type': 'Pizza', 'PlaceName': ""Pizza Boli's"", 'AddNum': '1567', 'Address': '1567 Alabama Ave SE', 'Block': '', 'Sector': '', 'Neighborhood': 'Shipley Terrace', 'District': '', 'City': 'Washington', 'MetroArea': 'Washington DC Metro Area', 'Subregion': 'District of Columbia', 'Region': 'District of Columbia', 'Territory': '', 'Postal': '20032', 'PostalExt': '', 'CountryCode': 'USA'}",20032
"{'location': {'lat': 38.92972289999999, 'lng': -76.9742191}, 'viewport': {'northeast': {'lat': 38.9311514302915, 'lng': -76.9729348697085}, 'southwest': {'lat': 38.9284534697085, 'lng': -76.97563283029152}}}",https://maps.gstatic.com/mapfiles/place_api/icons/restaurant-71.png,f44c9016d6619811537f3653381ae031c050ea6d,Manny & Olga's Pizza,ChIJJxLiNoXHt4kRpSriaHvHlJ4,"{'compound_code': 'W2HG+V8 Washington, District of Columbia, United States', 'global_code': '87C5W2HG+V8'}",3.8,ChIJJxLiNoXHt4kRpSriaHvHlJ4,"['night_club', 'meal_delivery', 'restaurant', 'food', 'point_of_interest', 'establishment']",230,"2117 Rhode Island Avenue Northeast, Washington",{'open_now': True},1,"{'Match_addr': '2117 Rhode Island Ave NE, Washington, District of Columbia, 20018', 'LongLabel': '2117 Rhode Island Ave NE, Washington, DC, 20018, USA', 'ShortLabel': '2117 Rhode Island Ave NE', 'Addr_type': 'PointAddress', 'Type': '', 'PlaceName': '', 'AddNum': '2117', 'Address': '2117 Rhode Island Ave NE', 'Block': '', 'Sector': '', 'Neighborhood': '', 'District': '', 'City': 'Washington', 'MetroArea': '', 'Subregion': 'District of Columbia', 'Region': 'District of Columbia', 'Territory': '', 'Postal': '20018', 'PostalExt': '', 'CountryCode': 'USA'}",20018
"{'location': {'lat': 38.853466, 'lng': -76.96508}, 'viewport': {'northeast': {'lat': 38.8548506302915, 'lng': -76.9636859197085}, 'southwest': {'lat': 38.8521526697085, 'lng': -76.9663838802915}}}",https://maps.gstatic.com/mapfiles/place_api/icons/restaurant-71.png,0bae62f88b70f3c96d1c9660a3f6eaa138265412,Pizza Boli's,ChIJO-flIp65t4kRIK8dJt0YNTM,"{'compound_code': 'V23M+9X Washington, District of Columbia, United States', 'global_code': '87C5V23M+9X'}",3.6,ChIJO-flIp65t4kRIK8dJt0YNTM,"['meal_delivery', 'meal_takeaway', 'restaurant', 'food', 'point_of_interest', 'establishment']",130,"3027 Naylor Road Southeast, Washington",{'open_now': True},1,"{'Match_addr': ""Pizza Boli's"", 'LongLabel': ""Pizza Boli's, 3027 Naylor Rd SE, Washington, DC, 20020, USA"", 'ShortLabel': ""Pizza Boli's"", 'Addr_type': 'POI', 'Type': 'Fast Food', 'PlaceName': ""Pizza Boli's"", 'AddNum': '3027', 'Address': '3027 Naylor Rd SE', 'Block': '', 'Sector': '', 'Neighborhood': 'Garfield Heights', 'District': '', 'City': 'Washington', 'MetroArea': 'Washington DC Metro Area', 'Subregion': 'District of Columbia', 'Region': 'District of Columbia', 'Territory': '', 'Postal': '20020', 'PostalExt': '', 'CountryCode': 'USA'}",20020
