geometry,icon,id,name,opening_hours,photos,place_id,plus_code,price_level,rating,reference,types,user_ratings_total,locations,Zip Code
"{'location': {'lat': 38.89997899999999, 'lng': -77.022121}, 'viewport': {'northeast': {'lat': 38.90132837989272, 'lng': -77.02067382010728}, 'southwest': {'lat': 38.89862872010728, 'lng': -77.02337347989273}}}",https://maps.gstatic.com/mapfiles/place_api/icons/cafe-71.png,84edfec3e5ce384de216f3745626fda91035b090,Starbucks,{'open_now': True},"[{'height': 794, 'html_attributions': ['<a href=""https://maps.google.com/maps/contrib/113797000520362679894/photos"">Starbucks</a>'], 'photo_reference': 'CmRaAAAAwN0vXjlemigIxUp207c0tN1r2BPULBMGcvqmPB4S_QDJWqTk-nQzq8XKq2XsdRHElDjZzW9qemPWiqY12_lV_6k07lGwL7MqHxLu2_omnb8IH94QnmzPmQ5_xToM8UMmEhClpMfJrpEtI8gY-GbBnj3lGhTl7QxK082ZaAd5JApl1XITbuP9sg', 'width': 1415}]",ChIJ5R3YBpK3t4kRYmpsDZs_hOU,"{'compound_code': 'VXXH+X5 Washington, District of Columbia', 'global_code': '87C4VXXH+X5'}",2,3.9,ChIJ5R3YBpK3t4kRYmpsDZs_hOU,"['cafe', 'food', 'point_of_interest', 'store', 'establishment']",442,"800 7th St NW Suite 305, Washington, DC 20001, USA",20001
"{'location': {'lat': 38.896288, 'lng': -77.011848}, 'viewport': {'northeast': {'lat': 38.89771417989272, 'lng': -77.01044522010729}, 'southwest': {'lat': 38.89501452010727, 'lng': -77.01314487989272}}}",https://maps.gstatic.com/mapfiles/place_api/icons/cafe-71.png,93dfee55cff26eb48d550e9ec5b6c7f9961feb40,Starbucks,{'open_now': True},"[{'height': 4160, 'html_attributions': ['<a href=""https://maps.google.com/maps/contrib/112938515625325964790/photos"">Abdullah Traboulsi</a>'], 'photo_reference': 'CmRaAAAAJmvIyQCOhUY_ZmraCocHLkEnoYBa4QTBadPAC333NhItAclaoN7jvPKXUq3ctIaAEW03q9tyd-qv1iyLMXA0l7cLVNpFZTXBApY1DwsbFhqOLR6-jWKVk750hHrBVVmtEhCLuQeQYMPXJy1RYiyimgDPGhTN43nKMgh9zbGGcB3PkDiPsq_sKQ', 'width': 3120}]",ChIJ9YKRyYm3t4kRSWiB1dtHxWA,"{'compound_code': 'VXWQ+G7 Washington, District of Columbia', 'global_code': '87C4VXWQ+G7'}",2,3.7,ChIJ9YKRyYm3t4kRSWiB1dtHxWA,"['cafe', 'food', 'point_of_interest', 'store', 'establishment']",328,"500 New Jersey Ave NW, Washington, DC 20001, USA",20001
"{'location': {'lat': 38.9017815, 'lng': -77.025841}, 'viewport': {'northeast': {'lat': 38.90304772989273, 'lng': -77.02444177010727}, 'southwest': {'lat': 38.90034807010728, 'lng': -77.02714142989271}}}",https://maps.gstatic.com/mapfiles/place_api/icons/cafe-71.png,7e27ce70c55bbb32ba3fa602e43a29da3d0008c3,Starbucks,{'open_now': True},"[{'height': 3024, 'html_attributions': ['<a href=""https://maps.google.com/maps/contrib/111360186691704442104/photos"">Cara Wood</a>'], 'photo_reference': 'CmRaAAAA_ro6jt00wGydyt0ejklQKwxP4q2oIzJuKZZr_XisxNrgwob3EFVqncf9Z14-SlO5U9Ug6mWnCRDe5AGuzagV7jhpLwjc_BtzYkuAfYkMWTqRw_eMi7ic6KzJE-KMFODiEhD6SR9qQpWfrZxKLxujQl7sGhQE9xNndkOHbeLi-v24wvqfC3w7NQ', 'width': 3024}]",ChIJv8iLq5O3t4kRI872JM3bDYg,"{'compound_code': 'WX2F+PM Washington, District of Columbia', 'global_code': '87C4WX2F+PM'}",2,3.6,ChIJv8iLq5O3t4kRI872JM3bDYg,"['cafe', 'food', 'point_of_interest', 'store', 'establishment']",159,"901 New York Ave NW, Washington, DC 20001, USA",20001
"{'location': {'lat': 38.899535, 'lng': -77.02696399999999}, 'viewport': {'northeast': {'lat': 38.90102157989273, 'lng': -77.02561602010728}, 'southwest': {'lat': 38.89832192010728, 'lng': -77.02831567989271}}}",https://maps.gstatic.com/mapfiles/place_api/icons/cafe-71.png,2f6681e2f49799e1c958444f3211deffdda20672,Starbucks,{'open_now': True},"[{'height': 289, 'html_attributions': ['<a href=""https://maps.google.com/maps/contrib/117613203036050757074/photos"">Starbucks</a>'], 'photo_reference': 'CmRaAAAAtjr6tJpt_VTd5iWlBaiSQONmRKttXyIUhmfwlFYjtMxjS9QWl5NYM9YjyaUffFo0rHmkD0O5G_B9FhsAkevzPpqmBgXtatlC0QiWiwvnhdvBv0NgFB_fab27RvOPYtJ8EhCtIgfJ4hIFj5dA9s88_fOKGhTvQLFn5C8neCTe8fhtVz0Bc4nqrg', 'width': 512}]",ChIJSzcUXpG3t4kRLEuK5tPJTdc,"{'compound_code': 'VXXF+R6 Washington, District of Columbia', 'global_code': '87C4VXXF+R6'}",2,3.7,ChIJSzcUXpG3t4kRLEuK5tPJTdc,"['cafe', 'bar', 'food', 'point_of_interest', 'store', 'establishment']",181,"1000 H St NW, Washington, DC 20001, USA",20001
"{'location': {'lat': 38.9016907, 'lng': -77.02350799999999}, 'viewport': {'northeast': {'lat': 38.90304047989272, 'lng': -77.02239612010727}, 'southwest': {'lat': 38.90034082010727, 'lng': -77.02509577989272}}}",https://maps.gstatic.com/mapfiles/place_api/icons/cafe-71.png,4a0aff012473a016dd358fb97aafaa128c8660f7,Starbucks,{'open_now': True},"[{'height': 4032, 'html_attributions': ['<a href=""https://maps.google.com/maps/contrib/105756598713936975237/photos"">Al Gibbs</a>'], 'photo_reference': 'CmRaAAAA1gwuNQEsm-xQuapxUSB2VtRRSPbidhVs9TSUsNCkGNGPGLhegKGeDx2Va0I00WltxkiPJ4Zhtvr1AsBLLhiNmSJlkElSnE1lMkgdIT3udw3WO1excCI97scs7-g6tjMGEhD11oTh0_lNbRXBO-Osb3ncGhTteMLx8I5NiOUcLhDX-T3PYCqjMg', 'width': 3024}]",ChIJMRssXZK3t4kRzgu3LD7EeYI,"{'compound_code': 'WX2G+MH Washington, District of Columbia', 'global_code': '87C4WX2G+MH'}",2,3.7,ChIJMRssXZK3t4kRzgu3LD7EeYI,"['cafe', 'food', 'point_of_interest', 'store', 'establishment']",45,"999 9th St NW, Washington, DC 20001, USA",20001
"{'location': {'lat': 38.8990552, 'lng': -77.0237906}, 'viewport': {'northeast': {'lat': 38.90040722989272, 'lng': -77.02254667010729}, 'southwest': {'lat': 38.89770757010728, 'lng': -77.02524632989272}}}",https://maps.gstatic.com/mapfiles/place_api/icons/cafe-71.png,5f969b6e39758ee1023474f0256ea11fa8783b86,Starbucks,{'open_now': True},"[{'height': 664, 'html_attributions': ['<a href=""https://maps.google.com/maps/contrib/101020661769464196071/photos"">Starbucks</a>'], 'photo_reference': 'CmRaAAAA15cHjhRJ-gdrpTQ-AwmwUfolRxf0TAta_RbYA-OrK1iBWJuBmKtUzPxpFh6FSXaL3aiqA-biXufoSJg19Ro5G2F6LWrMjw3dX5MsF5e_EwnE_7YiVJG0rep_NA_ZbExIEhDNCyryhgMI8aj2SSJX3AMIGhT_i5FvYQJTmYxxkRKhCUrGZnaU0w', 'width': 732}]",ChIJmSc9kpG3t4kR6vfSXsqs8NM,"{'compound_code': 'VXXG+JF Washington, District of Columbia', 'global_code': '87C4VXXG+JF'}",2,3.9,ChIJmSc9kpG3t4kR6vfSXsqs8NM,"['cafe', 'food', 'point_of_interest', 'store', 'establishment']",60,"701 9th St NW, Washington, DC 20001, USA",20001
"{'location': {'lat': 38.903605, 'lng': -77.01873499999999}, 'viewport': {'northeast': {'lat': 38.90480392989272, 'lng': -77.01748247010727}, 'southwest': {'lat': 38.90210427010727, 'lng': -77.0201821298927}}}",https://maps.gstatic.com/mapfiles/place_api/icons/cafe-71.png,3fa896a3b68090b5414a3f4c1097b8e3ab563d92,Starbucks,{'open_now': True},"[{'height': 3024, 'html_attributions': ['<a href=""https://maps.google.com/maps/contrib/116650538154821399659/photos"">Ben Henry</a>'], 'photo_reference': 'CmRaAAAAbzHzqsoLqu3n--8OzZ2nomtn0xopFCwmPGrTWpJkmnmtaVnZz7WVpw0EVngW801aGlch-eBLWfLZRmEibF6IhqeIRR2X--j7WSKEhVgHcbmqeE6PRfq6kIVNia_nYwDPEhCtY1VHz4G171_xdcxdPSRDGhTHhMA3DLVK-Xa42kKfX8JZ15eefA', 'width': 4032}]",ChIJb0jcx4y3t4kRA-j7A1UyTTE,"{'compound_code': 'WX3J+CG Washington, District of Columbia', 'global_code': '87C4WX3J+CG'}",2,3.6,ChIJb0jcx4y3t4kRA-j7A1UyTTE,"['cafe', 'food', 'point_of_interest', 'store', 'establishment']",73,"490 L St NW, Washington, DC 20001, USA",20001
"{'location': {'lat': 38.9033985, 'lng': -77.0244359}, 'viewport': {'northeast': {'lat': 38.90468342989272, 'lng': -77.02316742010727}, 'southwest': {'lat': 38.90198377010728, 'lng': -77.02586707989272}}}",https://maps.gstatic.com/mapfiles/place_api/icons/cafe-71.png,06ff7e10faeab7bf0625e78a9a07b60ec5cdc6db,Starbucks,{'open_now': True},"[{'height': 4608, 'html_attributions': ['<a href=""https://maps.google.com/maps/contrib/117409655265409048062/photos"">Harsh Shetye</a>'], 'photo_reference': 'CmRaAAAAQthcWVU7QyY6zuHghWmDWijEBDHml5THzK21fLGua295mgsSSOO-j3014zaKZbbvS_VuW8vvop3UmhpSCTgPA8aF0bYUFbw8Qpb9JXKadncMpjt6QjMpgRuwon8sHS3jEhAuJyUP7zXjwGowQgzfdXulGhS9P4VDXVLsqbOJEC1927Ra0ol-Gg', 'width': 3456}]",ChIJDX9V3JK3t4kR-N76jCcVmJs,"{'compound_code': 'WX3G+96 Washington, District of Columbia', 'global_code': '87C4WX3G+96'}",2,3.7,ChIJDX9V3JK3t4kR-N76jCcVmJs,"['cafe', 'food', 'point_of_interest', 'establishment']",40,"901 Massachusetts Ave NW, Washington, DC 20001, USA",20001
"{'location': {'lat': 38.894178, 'lng': -77.0217847}, 'viewport': {'northeast': {'lat': 38.89552762989272, 'lng': -77.02049647010728}, 'southwest': {'lat': 38.89282797010728, 'lng': -77.02319612989272}}}",https://maps.gstatic.com/mapfiles/place_api/icons/cafe-71.png,8e8f9f35ec14537c1ff81794708edd265c4a5fab,Starbucks,{'open_now': True},"[{'height': 5312, 'html_attributions': ['<a href=""https://maps.google.com/maps/contrib/108541828654129260197/photos"">Jesse Wilinski</a>'], 'photo_reference': 'CmRaAAAAYZuJN-uMUXsqU7jHcSsgr3aG4Ya6Xd5yHjMPA-dMe89SUN8QLM5XzvVUGICJqUzGJ7v1S0cfjNdFa7JMdzaSNCMMzWIwny0dV1vxP2iJZZ245IdkTH90XewtZPYC3T9jEhDt9117ud2i8h79ehKtjUjuGhQh-Md8W_vX6pheJLw1pd8yScmh-g', 'width': 2988}]",ChIJV8ZgVIW3t4kR_tNei-JwNV4,"{'compound_code': 'VXVH+M7 Washington, District of Columbia', 'global_code': '87C4VXVH+M7'}",2,3.9,ChIJV8ZgVIW3t4kR_tNei-JwNV4,"['cafe', 'food', 'point_of_interest', 'store', 'establishment']",583,"325 7th St NW Suite 100, Washington, DC 20004, USA",20004
"{'location': {'lat': 38.895996, 'lng': -77.02178099999999}, 'viewport': {'northeast': {'lat': 38.89734497989273, 'lng': -77.02050507010726}, 'southwest': {'lat': 38.89464532010728, 'lng': -77.02320472989271}}}",https://maps.gstatic.com/mapfiles/place_api/icons/cafe-71.png,156fbe4617463de4039319403e1e422aa712383a,Starbucks,{'open_now': True},"[{'height': 4032, 'html_attributions': ['<a href=""https://maps.google.com/maps/contrib/109905231844379577336/photos"">Shante Hawkins</a>'], 'photo_reference': 'CmRaAAAAlRnoywclY01CjGotY4uMwMslJRQ3MODi62vKtfonZIYwcZyWjvxEVR6RHn9t0A6oMMZFgU8CJNhJhxDgtmXzuSz3hBV2Uiue8YEwA1y4t0kG9SbCvCf1mR5lXk3qf9JDEhDvESVin4e47D5SJ8RdKHboGhRBgXch7n6rq9HldnNccVJtenHFdQ', 'width': 3024}]",ChIJZSrV3o-3t4kRBQL84RrmS48,"{'compound_code': 'VXWH+97 Washington, District of Columbia', 'global_code': '87C4VXWH+97'}",2,3.9,ChIJZSrV3o-3t4kRBQL84RrmS48,"['cafe', 'food', 'point_of_interest', 'store', 'establishment']",322,"443 7th St NW, Washington, DC 20004, USA",20004
"{'location': {'lat': 38.897167, 'lng': -77.030045}, 'viewport': {'northeast': {'lat': 38.89861017989272, 'lng': -77.02869542010728}, 'southwest': {'lat': 38.89591052010728, 'lng': -77.03139507989272}}}",https://maps.gstatic.com/mapfiles/place_api/icons/cafe-71.png,fa7448f2c2239f798540bfe6c786e9333dfafbba,Starbucks,{'open_now': True},"[{'height': 1920, 'html_attributions': ['<a href=""https://maps.google.com/maps/contrib/108402081642242169263/photos"">Michael Sokolov</a>'], 'photo_reference': 'CmRaAAAAds-SCJX0LL-zVvlV-13bhDoO0XCE1VJmaHBkgdMHLU1blvnNQBhn9S-P6eGiP5vz-o2C-t6YkWmM4zR-cTPmWxZzbcWYMM2VUXHDFRkdzEVwdTjeXeCOWkVik_KHt51FEhAzzC_JNVfb_LSXKeREEjsqGhQC6QDJD9BDROIZUpQ3QUhEsuRvrA', 'width': 1080}]",ChIJ39SAcZe3t4kRpmD__D9O9XQ,"{'compound_code': 'VXW9+VX Washington, District of Columbia', 'global_code': '87C4VXW9+VX'}",2,3.8,ChIJ39SAcZe3t4kRpmD__D9O9XQ,"['cafe', 'food', 'point_of_interest', 'store', 'establishment']",343,"1304 F St NW, Washington, DC 20004, USA",20004
"{'location': {'lat': 38.8985419, 'lng': -77.03218869999999}, 'viewport': {'northeast': {'lat': 38.89989222989271, 'lng': -77.03074782010727}, 'southwest': {'lat': 38.89719257010727, 'lng': -77.03344747989271}}}",https://maps.gstatic.com/mapfiles/place_api/icons/cafe-71.png,65fa6cfb867ad0fcdc0280cf157b94416c1d57f5,Starbucks,{'open_now': True},"[{'height': 3264, 'html_attributions': ['<a href=""https://maps.google.com/maps/contrib/109267633708058521788/photos"">A Google User</a>'], 'photo_reference': 'CmRaAAAA7IaPwiE-8eq_T1NlRbXVEWJD50uoAT66pxNY4oSdsiRWSK8Q1SjMNoymOlOoyjGNoOix9XHC1tgf0MyPnCJs2k74N4fHm2HrlyRQd2IrCYr6rYeOaji1dxMH2O__96jwEhBzYwhGKZkyPePxT8LU0ZU4GhRzQcUMsxU7QkxcjU8qJOiatwdGow', 'width': 2448}]",ChIJ-4qcNpa3t4kRisYrQAiGitg,"{'compound_code': 'VXX9+C4 Washington, District of Columbia', 'global_code': '87C4VXX9+C4'}",2,3.9,ChIJ-4qcNpa3t4kRisYrQAiGitg,"['cafe', 'food', 'point_of_interest', 'store', 'establishment']",347,"700 14th St NW, Washington, DC 20005, USA",20005
"{'location': {'lat': 38.908733, 'lng': -77.02345799999999}, 'viewport': {'northeast': {'lat': 38.91000372989272, 'lng': -77.02210797010727}, 'southwest': {'lat': 38.90730407010728, 'lng': -77.02480762989272}}}",https://maps.gstatic.com/mapfiles/place_api/icons/cafe-71.png,4e5f196f49ed7065459fbfe1c14ce31d74770972,Starbucks,{'open_now': True},"[{'height': 3096, 'html_attributions': ['<a href=""https://maps.google.com/maps/contrib/111609562811432142284/photos"">Ana Belén Garcia</a>'], 'photo_reference': 'CmRaAAAA53Yy2vcE3eTBYFxmCmZg4xgUumHZSBF56fmUyUTp86KlUt9CNyWzfxVzhRul-8uh6P0si-TseAY8wI9ba5ZEADbhEPw92H993Sd0RRy8IfS9odaULvLbhGFOdZs7_lYYEhAarhBBNXT0eiwh_UpiGAXuGhTjEe1jqxA5xckrP2SOPBoHyoP5KA', 'width': 4128}]",ChIJQQKXruu3t4kRRXOvfAbf9dM,"{'compound_code': 'WX5G+FJ Washington, District of Columbia', 'global_code': '87C4WX5G+FJ'}",2,4,ChIJQQKXruu3t4kRRXOvfAbf9dM,"['cafe', 'food', 'point_of_interest', 'store', 'establishment']",161,"815 O St NW, Washington, DC 20005, USA",20005
"{'location': {'lat': 38.893721, 'lng': -77.027763}, 'viewport': {'northeast': {'lat': 38.89501577989272, 'lng': -77.02660517010726}, 'southwest': {'lat': 38.89231612010727, 'lng': -77.02930482989271}}}",https://maps.gstatic.com/mapfiles/place_api/icons/cafe-71.png,16e3d5a2ad72d725f25f1141feb379a015c5aa47,Starbucks,{'open_now': True},"[{'height': 4608, 'html_attributions': ['<a href=""https://maps.google.com/maps/contrib/111752840050187439445/photos"">Vincent de Koning</a>'], 'photo_reference': 'CmRaAAAAwsisM0vWEQTpLz3iANOOYAaocZDLn6MSMBoxzbsOyMCb5rrqsQxBTEcAMc_x06pNekkOQYQOYo9ndg-Qctp6qmsi8JW4Q2ghANkXsozL9Gh3wsozUqyGjjFGKmlnfq95EhDhz7rBVbvBXB9yJXSSfThLGhQ1cz3ksGfqrbksVdY4nSpPuw_ojQ', 'width': 3456}]",ChIJ6avQipm3t4kR9ef5GqOVIO0,"{'compound_code': 'VXVC+FV Washington, District of Columbia', 'global_code': '87C4VXVC+FV'}",2,3.9,ChIJ6avQipm3t4kR9ef5GqOVIO0,"['cafe', 'food', 'point_of_interest', 'store', 'establishment']",285,"1100 Pennsylvania Ave NW, Washington, DC 20004, USA",20004
"{'location': {'lat': 38.8859493, 'lng': -77.0196898}, 'viewport': {'northeast': {'lat': 38.88733907989273, 'lng': -77.01833927010728}, 'southwest': {'lat': 38.88463942010728, 'lng': -77.02103892989271}}}",https://maps.gstatic.com/mapfiles/place_api/icons/cafe-71.png,fbde98a9fffa5cbe9fa888177bb476d412f2a77f,Starbucks,{'open_now': True},"[{'height': 4608, 'html_attributions': ['<a href=""https://maps.google.com/maps/contrib/117453041677811795477/photos"">Hardik D</a>'], 'photo_reference': 'CmRaAAAAsxeA7zc5Ri4wD8Z2K6OXbzztmxK9Fr-QkPUn4tGV4TmjCQc0G7xWZIutt-N7ZKzl73V2gl6IECnMVpUfXqvgnysRYKv1uOzhcwBakijbmSrGrGVDDbqr4wJYsWQipn7VEhBIOWrsr4MQDSOqu5MVZ4olGhRUFG4CU8eCatoc_pZ-aZZvF-Xw9w', 'width': 2112}]",ChIJqRDP-oK3t4kRrUeSKJ98zv8,"{'compound_code': 'VXPJ+94 Washington, District of Columbia', 'global_code': '87C4VXPJ+94'}",2,3.4,ChIJqRDP-oK3t4kRrUeSKJ98zv8,"['cafe', 'food', 'point_of_interest', 'store', 'establishment']",474,"550 C St SW Suite 100, Washington, DC 20024, USA",20024
"{'location': {'lat': 38.90000029999999, 'lng': -77.0321731}, 'viewport': {'northeast': {'lat': 38.90134907989273, 'lng': -77.03068482010727}, 'southwest': {'lat': 38.89864942010728, 'lng': -77.03338447989272}}}",https://maps.gstatic.com/mapfiles/place_api/icons/cafe-71.png,0a29f010cd0fbb8b8376dc840616c8f1882d5628,Starbucks,{'open_now': True},"[{'height': 4032, 'html_attributions': ['<a href=""https://maps.google.com/maps/contrib/103904306954574958392/photos"">Micah Giszack</a>'], 'photo_reference': 'CmRaAAAAHMA2todJzZ9Z29liypjNz9jq68RCCKLIAPIBt5F9NYBf4rC9iPI5ULsheAy-ZEW5JXC_Ah6WQjCPb5_CZlcsX2EMheaI67NY4Nx1ZPgcQJ7M89IeUKYISHsio_rAYS7_EhDhy1yxgXiIztCIDuEbWbbqGhT73Sl4pBZo84I28xyJJlKEBEu0Mw', 'width': 3024}]",ChIJDZySE5a3t4kROHzoaM4fAvI,"{'compound_code': 'WX29+24 Washington, District of Columbia', 'global_code': '87C4WX29+24'}",2,3.9,ChIJDZySE5a3t4kROHzoaM4fAvI,"['cafe', 'food', 'point_of_interest', 'store', 'establishment']",227,"1401 New York Ave NW, Washington, DC 20005, USA",20005
"{'location': {'lat': 38.898047, 'lng': -77.006181}, 'viewport': {'northeast': {'lat': 38.89964967989272, 'lng': -77.00532647010728}, 'southwest': {'lat': 38.89695002010728, 'lng': -77.00802612989273}}}",https://maps.gstatic.com/mapfiles/place_api/icons/cafe-71.png,38d974b727a8e81d853014f19b2531391e65cfb6,Starbucks,{'open_now': True},"[{'height': 664, 'html_attributions': ['<a href=""https://maps.google.com/maps/contrib/102987456092953570251/photos"">Starbucks</a>'], 'photo_reference': 'CmRaAAAAm7Xirgbvj9EjPmzX1Qp2ITg9N9M-_pszW29v46byMiCh6y5vtf4pYpbgPsEFnmZk-maLxae4EmXc-FCJ30H61tQzzkxP90azlfy_XS8JdrEN5Tv7xYew4QnJl4eWs-UsEhDf5D9tAw7QGSHraoiU-ZaMGhRXvKcOD2z1V03sq6WHcSz8TsJQjw', 'width': 732}]",ChIJX85bNSG4t4kRvPvgRlWFcM8,"{'compound_code': 'VXXV+6G Washington, District of Columbia', 'global_code': '87C4VXXV+6G'}",2,2.6,ChIJX85bNSG4t4kRvPvgRlWFcM8,"['cafe', 'food', 'point_of_interest', 'store', 'establishment']",129,"40 Massachusetts Ave NE, 169 Main Hall, Washington, DC 20002, United States",20002
"{'location': {'lat': 38.902928, 'lng': -77.031707}, 'viewport': {'northeast': {'lat': 38.90413332989272, 'lng': -77.03035512010729}, 'southwest': {'lat': 38.90143367010727, 'lng': -77.03305477989272}}}",https://maps.gstatic.com/mapfiles/place_api/icons/cafe-71.png,3ecc79284c102998b95d600993002bfd1df650f3,Starbucks,{'open_now': True},"[{'height': 2560, 'html_attributions': ['<a href=""https://maps.google.com/maps/contrib/115401718823207860804/photos"">Jose Monrroy</a>'], 'photo_reference': 'CmRaAAAAZdqvXOwcwIrP7AKC3hXl3BQMHgdh8WTiGp7IGnEcIIkn2y2mfwPKGcYP-Riy2MsvyqulG6fUJyjzvNtKJ3JD8CFuM_H1hrI5l-E1qXmd0r-gI65iT2o2z2RyhKkZlgaqEhDGdArKiwDgjXwwtMrDEbMaGhTDbNzVG26hEJim-zJ7HkaUQBFPSA', 'width': 1440}]",ChIJZdHioJW3t4kR0UqlaVajdHM,"{'compound_code': 'WX39+58 Washington, District of Columbia', 'global_code': '87C4WX39+58'}",2,3.2,ChIJZdHioJW3t4kR0UqlaVajdHM,"['cafe', 'food', 'point_of_interest', 'store', 'establishment']",55,"14th St NW &, K St NW, Washington, DC 20005, United States",20005
"{'location': {'lat': 38.9041679, 'lng': -77.0330808}, 'viewport': {'northeast': {'lat': 38.90547947989272, 'lng': -77.03162257010727}, 'southwest': {'lat': 38.90277982010728, 'lng': -77.03432222989271}}}",https://maps.gstatic.com/mapfiles/place_api/icons/cafe-71.png,77103b8ad44c2d683b6a5d620ff17c73d8f6e716,Starbucks,{'open_now': True},"[{'height': 4000, 'html_attributions': ['<a href=""https://maps.google.com/maps/contrib/106320474568102979801/photos"">Andrea Reyes</a>'], 'photo_reference': 'CmRaAAAAQMCmlqRuIDb_pf-gLJgNaZD5GKaC8XGIJmZ8e9xMueN9rpUHl96H83hVtCaxQCbGLaRmuGAaNtetRDH3AASb_dypnNYh8-xJnGtMh666-T0VHOPD5XUKNEwRIVx5tN-QEhCzGnfmsd15dYLPFYkmei6qGhRLV9Oe-DIW9rR76MzOzig8dJ3D-Q', 'width': 3008}]",ChIJdcOmY5W3t4kRa6893M3GkhM,"{'compound_code': 'WX38+MQ Washington, District of Columbia', 'global_code': '87C4WX38+MQ'}",2,4,ChIJdcOmY5W3t4kRa6893M3GkhM,"['cafe', 'food', 'point_of_interest', 'store', 'establishment']",118,"1110 Vermont Ave NW, Washington, DC 20005, USA",20005
"{'location': {'lat': 38.896585, 'lng': -77.026956}, 'viewport': {'northeast': {'lat': 38.89793862989271, 'lng': -77.02565742010728}, 'southwest': {'lat': 38.89523897010727, 'lng': -77.02835707989271}}}",https://maps.gstatic.com/mapfiles/place_api/icons/cafe-71.png,8315fc4f0c27b1c486a84b14f6cfb01859a3aecc,Starbucks,{'open_now': True},"[{'height': 4096, 'html_attributions': ['<a href=""https://maps.google.com/maps/contrib/114653159825821748217/photos"">Vania Knackfuss Gonçalves</a>'], 'photo_reference': 'CmRaAAAAoletjo2wZwxNca8eCFDScfs80KuohvB7iGWId6xien69sKyclmzZWdAGLu8O-vGuLdKMCiep-GTIce4idx_KbKjcfjSRHy-2dwQigXEY2NCfE9L-b7H5O59c4wfUTELGEhB9Ka74vdt-nkCesDAyY9hMGhTtRnFld7m7PYgfp-GLDtrxTqnUcw', 'width': 2304}]",ChIJ94PFxZC3t4kRROPTKVGeOgg,"{'compound_code': 'VXWF+J6 Washington, District of Columbia', 'global_code': '87C4VXWF+J6'}",2,4.2,ChIJ94PFxZC3t4kRROPTKVGeOgg,"['cafe', 'food', 'point_of_interest', 'store', 'establishment']",255,"555 11th St NW, Washington, DC 20004, USA",20004
"{'location': {'lat': 38.91686, 'lng': -77.029397}, 'viewport': {'northeast': {'lat': 38.91827967989273, 'lng': -77.02804752010728}, 'southwest': {'lat': 38.91558002010729, 'lng': -77.03074717989273}}}",https://maps.gstatic.com/mapfiles/place_api/icons/cafe-71.png,a2c451330894b76c8e0541919a7c31f17aefa33c,Starbucks,{'open_now': True},"[{'height': 794, 'html_attributions': ['<a href=""https://maps.google.com/maps/contrib/111163861954948715840/photos"">Starbucks</a>'], 'photo_reference': 'CmRaAAAASiszKGwo7jH4d9odDV-BujtKpDrY0EItLtWfxmM1NMQs4slBiok8ejh1NjFbxzNtvH6zVLXLRF-9o-pSbt_bB9mEk27LajRtahPBDIjWNy93w0soxluPVgJ_6p4xNdsbEhDUf2quM5w37AUfOmDWC3DKGhRB2MQOeKiMivzUdiqgPKQsuN18EQ', 'width': 1415}]",ChIJ4bXJPua3t4kRIrMjDhwbk9o,"{'compound_code': 'WX8C+P6 Washington, District of Columbia', 'global_code': '87C4WX8C+P6'}",2,3.7,ChIJ4bXJPua3t4kRIrMjDhwbk9o,"['cafe', 'food', 'point_of_interest', 'store', 'establishment']",96,"1250 U St NW, Washington, DC 20009, USA",20009
"{'location': {'lat': 38.902758, 'lng': -77.034357}, 'viewport': {'northeast': {'lat': 38.90404842989272, 'lng': -77.03300672010728}, 'southwest': {'lat': 38.90134877010728, 'lng': -77.03570637989273}}}",https://maps.gstatic.com/mapfiles/place_api/icons/cafe-71.png,2487d2b0e75dc14cac33dd28032d546feb04f8e3,Starbucks,{'open_now': True},"[{'height': 4048, 'html_attributions': ['<a href=""https://maps.google.com/maps/contrib/108798047527388881373/photos"">Mike Reid</a>'], 'photo_reference': 'CmRaAAAAmLvmik7Y5zlwfM92HCTh-zRBJDss69QyWHc2e9BS1MiwkgIW6zvIWiIaA-xihpMC_91UcZ7w_tjitj8fn1RGnsLAUNFdhVgxFdtyhMoJC5LKRyZIFDQIuQRYiv3QouDBEhBnbGTlrXJezQn_zClfN2QuGhT81Ebi-opILv8XPXAgAbzB8qUlow', 'width': 3036}]",ChIJlxGrAr63t4kR9Wk8KG_oTTg,"{'compound_code': 'WX38+47 Washington, District of Columbia', 'global_code': '87C4WX38+47'}",2,4.2,ChIJlxGrAr63t4kR9Wk8KG_oTTg,"['cafe', 'food', 'point_of_interest', 'store', 'establishment']",103,"1455 K St NW, Washington, DC 20005, USA",20005
"{'location': {'lat': 38.899092, 'lng': -77.027755}, 'viewport': {'northeast': {'lat': 38.90044322989272, 'lng': -77.02656837010727}, 'southwest': {'lat': 38.89774357010727, 'lng': -77.0292680298927}}}",https://maps.gstatic.com/mapfiles/place_api/icons/cafe-71.png,57098c4742c698639ae2f262a48679d04b052185,Starbucks,{'open_now': True},"[{'height': 3120, 'html_attributions': ['<a href=""https://maps.google.com/maps/contrib/105395465164965861221/photos"">Pablo Martín</a>'], 'photo_reference': 'CmRaAAAABt5X3QRH_AsvTt63Zv9RkiASA3NK2vjlAzaqcRJ4f4EHjilOqN3ktyg6ofZ_m4ULkT0_G0EiPP53DTaZmOMYZLHmoM2FZwYkfSgEiNsRJPVWoYYdgpNI7D9EMdCdw6V5EhBFzgH5JRzlqNB6a8WU7L7kGhQMykQIeaad4AB12SM6FWrfyshf2A', 'width': 4160}]",ChIJa7cOs5a3t4kRALfCio97AGU,"{'compound_code': 'VXXC+JV Washington, District of Columbia', 'global_code': '87C4VXXC+JV'}",2,4.2,ChIJa7cOs5a3t4kRALfCio97AGU,"['cafe', 'food', 'point_of_interest', 'store', 'establishment']",50,"775 12th St NW, Washington, DC 20005, USA",20005
"{'location': {'lat': 38.884761, 'lng': -77.015534}, 'viewport': {'northeast': {'lat': 38.88611212989272, 'lng': -77.01400957010728}, 'southwest': {'lat': 38.88341247010727, 'lng': -77.01670922989273}}}",https://maps.gstatic.com/mapfiles/place_api/icons/cafe-71.png,4ae36a2a8ec92188ddcd846ae4df433489e26bdc,Starbucks,{'open_now': True},"[{'height': 4224, 'html_attributions': ['<a href=""https://maps.google.com/maps/contrib/110804172362775442829/photos"">Luka Zupanc</a>'], 'photo_reference': 'CmRaAAAAEzmI9Psm6T6sf9j6u3m1DJOiJJcAQTXrNfZ9ERCvMntyJwual35IYN9XhnEACfYqO3dN74cSqCLjF1-YoFFgG8LuECXlFSyGG6j5iTaHaZKHLMnpabT98vartFHsKHglEhC2ZlPfcgGQCAcxea0_QNZuGhT53_qO6J-lZOfLig6UU5PkNZICkg', 'width': 3168}]",ChIJl4m8koG3t4kRCcZYWGfjTiI,"{'compound_code': 'VXMM+WQ Washington, District of Columbia', 'global_code': '87C4VXMM+WQ'}",2,3.8,ChIJl4m8koG3t4kRCcZYWGfjTiI,"['cafe', 'food', 'point_of_interest', 'store', 'establishment']",194,"409 3rd St SW Suite 105, Washington, DC 20024, USA",20024
"{'location': {'lat': 38.902302, 'lng': -77.036846}, 'viewport': {'northeast': {'lat': 38.90371512989272, 'lng': -77.03549782010728}, 'southwest': {'lat': 38.90101547010728, 'lng': -77.03819747989273}}}",https://maps.gstatic.com/mapfiles/place_api/icons/cafe-71.png,c761549d439f5bc303ea6e83d8b10a30fe2d37dc,Starbucks,{'open_now': True},"[{'height': 4640, 'html_attributions': ['<a href=""https://maps.google.com/maps/contrib/118063661480571359568/photos"">Josh Sternfeld</a>'], 'photo_reference': 'CmRaAAAAVjTN9INeLEpkoEapW4xOIhbihtXUCT9XetMTa5oQsxUXCl6pUgVAPLAoRvTJY4u8DileW7EeXKvoZVBol-feoQTelZncVUVuhZSh3TZ2cyyPIiP54_Mav_6ww7xryOIlEhBklmYzpS2cNtkOgAds9B9lGhRKqn0KUP3jmEF3ebad4u723U2AdA', 'width': 2610}]",ChIJm75djL63t4kRPct5hWaNN-U,"{'compound_code': 'WX27+W7 Washington, District of Columbia', 'global_code': '87C4WX27+W7'}",2,4,ChIJm75djL63t4kRPct5hWaNN-U,"['cafe', 'food', 'point_of_interest', 'store', 'establishment']",285,"1600 K St NW, Washington, DC 20006, USA",20006
"{'location': {'lat': 38.8861, 'lng': -77.02118999999999}, 'viewport': {'northeast': {'lat': 38.88763917989273, 'lng': -77.01992907010728}, 'southwest': {'lat': 38.88493952010728, 'lng': -77.02262872989273}}}",https://maps.gstatic.com/mapfiles/place_api/icons/cafe-71.png,c85ecc66c8fda98e8e61b8876785c6fa11646b77,Starbucks,{'open_now': True},"[{'height': 4032, 'html_attributions': ['<a href=""https://maps.google.com/maps/contrib/116257400793921665176/photos"">DonCrews</a>'], 'photo_reference': 'CmRaAAAAOcjT5W7rLcSYXArrqi66bwkR4zU2ZfnPUnVXZhH20wcrHMscZjVI0FkDvK6WtoN41bQFtFUppey1dopGktDmo8lF6nyMck7omzhKf6bPZCs48APh3GS1_x17P86im2kZEhBqb-9f8MBhu0d64y6q1JxQGhQ4s2pnRfIUelUxm9x-TEuD6rBouQ', 'width': 3024}]",ChIJi-Vb3IK3t4kRlrW0mbK3ycc,"{'compound_code': 'VXPH+CG Washington, District of Columbia', 'global_code': '87C4VXPH+CG'}",2,4.1,ChIJi-Vb3IK3t4kRlrW0mbK3ycc,"['cafe', 'food', 'point_of_interest', 'store', 'establishment']",162,"600 Maryland Ave SW, Washington, DC 20024, USA",20024
"{'location': {'lat': 38.905463, 'lng': -77.006078}, 'viewport': {'northeast': {'lat': 38.90681162989272, 'lng': -77.00462972010727}, 'southwest': {'lat': 38.90411197010727, 'lng': -77.00732937989272}}}",https://maps.gstatic.com/mapfiles/place_api/icons/cafe-71.png,d5c1b0d0aff16eae9e0c06afe370745b347c35b4,Starbucks,{'open_now': True},"[{'height': 5312, 'html_attributions': ['<a href=""https://maps.google.com/maps/contrib/104753849583704885413/photos"">Robin Esak</a>'], 'photo_reference': 'CmRaAAAA8jKKJnMJjdPAfMbP62hLVhOeclj2dwaTzuiBAtlz_JUGcDGmdMvPVnrkvLDlyY-GMW9q46Cl5lkc4CWqbhCUb8MqLumv5yToiv6lBqxhvsipIEtLNmvX25gcMtrnELFmEhD8jjrRQ3YjuVWCZqLoA8PcGhRefp0M7EiFjUd1WrUyyqbo01Kybw', 'width': 2988}]",ChIJ3RFoIB-4t4kRIKUdrCTqxUs,"{'compound_code': 'WX4V+5H Washington, District of Columbia', 'global_code': '87C4WX4V+5H'}",2,3.8,ChIJ3RFoIB-4t4kRIKUdrCTqxUs,"['cafe', 'food', 'point_of_interest', 'store', 'establishment']",253,"1160 First St NE, Washington, DC 20002, USA",20002
"{'location': {'lat': 38.901542, 'lng': -77.03338699999999}, 'viewport': {'northeast': {'lat': 38.90288402989272, 'lng': -77.03216092010726}, 'southwest': {'lat': 38.90018437010728, 'lng': -77.03486057989271}}}",https://maps.gstatic.com/mapfiles/place_api/icons/cafe-71.png,c3b889096815ef76c60420e82b0e7bd70910e905,Starbucks,{'open_now': True},"[{'height': 4160, 'html_attributions': ['<a href=""https://maps.google.com/maps/contrib/107291767635367203977/photos"">Nolene Ritter</a>'], 'photo_reference': 'CmRaAAAAjpMSbxszt9_lXkcR-jrYvJTs868km_uZIhPj7a5AyPoFTil4sFKZHDZWmuZvuemZo6D9QAIUvv1rYcf0Hr40CdwHxEhsrqVoyswJt1jj4eRwTXHeWckrxVZX_YzqJX5XEhBCT-cG-LehDMRU_EVSCmcCGhSsgabTbr2DwWLlmhYFy8YBxRTMjA', 'width': 2340}]",ChIJKyRx-L23t4kRm2x6FtPBI2U,"{'compound_code': 'WX28+JJ Washington, District of Columbia', 'global_code': '87C4WX28+JJ'}",2,4.1,ChIJKyRx-L23t4kRm2x6FtPBI2U,"['cafe', 'food', 'point_of_interest', 'store', 'establishment']",184,"901 15th St NW, Washington, DC 20005, USA",20005
"{'location': {'lat': 38.909786, 'lng': -77.03312799999999}, 'viewport': {'northeast': {'lat': 38.91106897989272, 'lng': -77.03177822010728}, 'southwest': {'lat': 38.90836932010728, 'lng': -77.03447787989273}}}",https://maps.gstatic.com/mapfiles/place_api/icons/cafe-71.png,bb0801fd0e5b9f2a7a2119de3550309e04d705f6,Starbucks,{'open_now': True},"[{'height': 4032, 'html_attributions': ['<a href=""https://maps.google.com/maps/contrib/113090154661790710275/photos"">Khoi Nguyen</a>'], 'photo_reference': 'CmRaAAAAv24kCgmkoPtv9zOVJMSEU7rMcUcre7bxmMonlCiRugfxVZSUid6J4h7NC5x5KsuXiiY_f2zP2ZP-wgLZqojYijpRCOabA4YDn54_MgXlORGp8i3i6pJ_-oPo_0oMGUJREhAlKVaJQ4S6WqgBFVgZyprBGhTDc9-J9JESbgYtPMWHsLYOOgEjCg', 'width': 3024}]",ChIJ4xlTc-q3t4kRaKn1Rl_K42Y,"{'compound_code': 'WX58+WP Washington, District of Columbia', 'global_code': '87C4WX58+WP'}",2,4,ChIJ4xlTc-q3t4kRaKn1Rl_K42Y,"['cafe', 'food', 'point_of_interest', 'store', 'establishment']",151,"1425 P St NW, Washington, DC 20005, USA",20005
"{'location': {'lat': 38.90149299999999, 'lng': -77.042399}, 'viewport': {'northeast': {'lat': 38.90276787989272, 'lng': -77.04104917010727}, 'southwest': {'lat': 38.90006822010728, 'lng': -77.04374882989272}}}",https://maps.gstatic.com/mapfiles/place_api/icons/cafe-71.png,2d37d562d052e8b41361a128856950bd59c1e742,Starbucks,{'open_now': True},"[{'height': 4032, 'html_attributions': ['<a href=""https://maps.google.com/maps/contrib/112449945273666497378/photos"">Dash Adamson</a>'], 'photo_reference': 'CmRaAAAAXO-jRPWMyqKwsnoZL0hrtaQ29GtW_GtBOuw-wPfvZ5OQuX9Kl3wAnec52Pu0yqKpvwEtHkbzeSljOIiqDOHBdQgcmDVYdb-4xLt0ltjDpomutjVtTcHubAx0Ts8Kg_CNEhCk0RPQBgM3mRgpe5EZGCHDGhSAtO-TQOWjjV6JsFGAh6YOXs9jqA', 'width': 3024}]",ChIJQcJfLLq3t4kRz47I2eJ6YlU,"{'compound_code': 'WX25+H2 Washington, District of Columbia', 'global_code': '87C4WX25+H2'}",2,3.3,ChIJQcJfLLq3t4kRz47I2eJ6YlU,"['cafe', 'food', 'point_of_interest', 'store', 'establishment']",119,"1825 I St NW, Washington, DC 20006, USA",20006
"{'location': {'lat': 38.91686, 'lng': -77.036965}, 'viewport': {'northeast': {'lat': 38.91828097989272, 'lng': -77.03566147010727}, 'southwest': {'lat': 38.91558132010728, 'lng': -77.03836112989272}}}",https://maps.gstatic.com/mapfiles/place_api/icons/cafe-71.png,ad36b4955e28ad2c376abee047aae1e0daef4914,Starbucks,{'open_now': True},"[{'height': 3264, 'html_attributions': ['<a href=""https://maps.google.com/maps/contrib/108656149438661210739/photos"">Sarah De los Santos</a>'], 'photo_reference': 'CmRaAAAAkkXfMePTuqyqHQFc0ACM6sPFKqcCB2Y4NPhJb0lLFlvQejxldlQmQek0fa0WL8T-00VIKjnnv9SBpUce0MXIyuyyDnYePmM9DvSl7tLZLUOdFWJ9fmfPvGjPOcdjRZ3MEhC2LVDybcY0ppQQzcRetblTGhRVNOQ400XB51qTC8ud4iImtjDLbg', 'width': 2448}]",ChIJK6iFzdy3t4kR8oj0jFyc44c,"{'compound_code': 'WX87+P6 Washington, District of Columbia', 'global_code': '87C4WX87+P6'}",2,3.9,ChIJK6iFzdy3t4kR8oj0jFyc44c,"['cafe', 'food', 'point_of_interest', 'store', 'establishment']",155,"1600 U St NW, Washington, DC 20009, USA",20009
"{'location': {'lat': 38.903591, 'lng': -77.040827}, 'viewport': {'northeast': {'lat': 38.90502792989272, 'lng': -77.03953857010727}, 'southwest': {'lat': 38.90232827010728, 'lng': -77.04223822989272}}}",https://maps.gstatic.com/mapfiles/place_api/icons/cafe-71.png,6f7d69f6fb3dabdbc5cafeac9e3a32053cb55d63,Starbucks,{'open_now': True},"[{'height': 794, 'html_attributions': ['<a href=""https://maps.google.com/maps/contrib/100908217875082978537/photos"">Starbucks</a>'], 'photo_reference': 'CmRaAAAAB-SlXb8LdVBpaa8IGNWp3-IEcxcmUsU4wnuayiJPeYwPkJ04SpWYd8dZWwHlvorIYaU7ZgVkeL-KIHGwG32fjqYRPRySjNcmxNTA9MOdQxmy2yjxMFdFBwIUovPscRXnEhAyCuvJ36PJyytySvwSTY-rGhSe66U3_n35aH_Yzt7d6yThmB0C3g', 'width': 1415}]",ChIJtYeEdru3t4kRPfvtiZ40AhQ,"{'compound_code': 'WX35+CM Washington, District of Columbia', 'global_code': '87C4WX35+CM'}",2,3.6,ChIJtYeEdru3t4kRPfvtiZ40AhQ,"['cafe', 'food', 'point_of_interest', 'store', 'establishment']",59,"1734 L St NW, Washington, DC 20036, USA",20036
"{'location': {'lat': 38.903914, 'lng': -77.045119}, 'viewport': {'northeast': {'lat': 38.90517847989272, 'lng': -77.0437694201073}, 'southwest': {'lat': 38.90247882010728, 'lng': -77.04646907989273}}}",https://maps.gstatic.com/mapfiles/place_api/icons/cafe-71.png,08d356437b5fbad458fdc4c5a17f6806217d2fda,Starbucks,{'open_now': True},"[{'height': 640, 'html_attributions': ['<a href=""https://maps.google.com/maps/contrib/111217555321708444427/photos"">A Google User</a>'], 'photo_reference': 'CmRaAAAA8jkICX9sYfVkfSaB-tQfpgrFV2j-4PolEM8_gIWfi-cMXG37RZPFocu4K0nY5DIvnbGJEQemrMGXsolrRO_5GSpNO0gr057kYDxxXbjBuBI3C1on9YW5lJRwVHU0NhpSEhDZuSB1rcrniGKdAgbDdkv_GhQDlFBWbsPh4K-LG1P0hlf7_FSpog', 'width': 480}]",ChIJQ3N6Zbe3t4kR_m9lBDVk_6g,"{'compound_code': 'WX33+HX Washington, District of Columbia', 'global_code': '87C4WX33+HX'}",2,4.2,ChIJQ3N6Zbe3t4kR_m9lBDVk_6g,"['cafe', 'food', 'point_of_interest', 'store', 'establishment']",96,"2001 L St NW, Washington, DC 20036, USA",20036
"{'location': {'lat': 38.910597, 'lng': -77.04371300000001}, 'viewport': {'northeast': {'lat': 38.91192722989272, 'lng': -77.04241902010727}, 'southwest': {'lat': 38.90922757010728, 'lng': -77.04511867989272}}}",https://maps.gstatic.com/mapfiles/place_api/icons/cafe-71.png,488b3cdde5307f15d0658361114aa4dd849d3aa3,Starbucks,{'open_now': True},"[{'height': 2603, 'html_attributions': ['<a href=""https://maps.google.com/maps/contrib/106945112399249457341/photos"">Glenn from Seattle Davis</a>'], 'photo_reference': 'CmRaAAAAKyNa3UJTFQb-MbA42MkEeprUhnisbZZHJvzx1sPkhqxOd2nvzAkAZyiu5bEk4s5MAc-5mfSu4vW3X6GIKbOxjNrp2Fpv7kwPl4eR5ELbRXYu_mbGVtFb9b4yrfsXw3r_EhBZYKfS2B-fq4ZOz9rt0fjIGhQSOH-12jNCANy51mQSvJZ6IpKGIg', 'width': 3905}]",ChIJKSjjOMa3t4kRGjyVhLs9VaE,"{'compound_code': 'WX64+6G Washington, District of Columbia', 'global_code': '87C4WX64+6G'}",2,4,ChIJKSjjOMa3t4kRGjyVhLs9VaE,"['cafe', 'food', 'point_of_interest', 'store', 'establishment']",543,"1501 Connecticut Ave NW, Washington, DC 20036, USA",20036
"{'location': {'lat': 38.919875, 'lng': -77.021709}, 'viewport': {'northeast': {'lat': 38.92122187989273, 'lng': -77.02045992010727}, 'southwest': {'lat': 38.91852222010728, 'lng': -77.02315957989272}}}",https://maps.gstatic.com/mapfiles/place_api/icons/cafe-71.png,93b60ecbec18b518a900a13d634563eda86de96c,Starbucks,{'open_now': True},"[{'height': 289, 'html_attributions': ['<a href=""https://maps.google.com/maps/contrib/101142960169517593920/photos"">Starbucks</a>'], 'photo_reference': 'CmRaAAAAk_fNUAzZT2WTVteT9-7fIoUy2coBFKQxb2lchGVDZyBHnFfMpzdzKQEhRr7Uk4yIKPed54S5OKgXPn-svqklNJcMt0hrEG9yQLFeM1dhzG21LOaKpE82O9BSpudTCB1sEhA8tocUnkyQllTpMTcpDJ1DGhRb2e9c78yQGni0vHSvjmbdwqjdrA', 'width': 512}]",ChIJe0yXVvu3t4kRAt5UCd8ennQ,"{'compound_code': 'WX9H+W8 Washington, District of Columbia', 'global_code': '87C4WX9H+W8'}",2,3.9,ChIJe0yXVvu3t4kRAt5UCd8ennQ,"['cafe', 'food', 'point_of_interest', 'store', 'establishment']",85,"2225 Georgia Ave NW 1st Floor, Washington, DC 20059, USA",20059
"{'location': {'lat': 38.884181, 'lng': -77.0236903}, 'viewport': {'northeast': {'lat': 38.88520797989273, 'lng': -77.0226009}, 'southwest': {'lat': 38.88250832010728, 'lng': -77.02695849999999}}}",https://maps.gstatic.com/mapfiles/place_api/icons/cafe-71.png,6beb434398b31f66aebddfaad9597519cef45a30,Starbucks,{'open_now': True},"[{'height': 2048, 'html_attributions': ['<a href=""https://maps.google.com/maps/contrib/103923698304099001056/photos"">Mica Thompson</a>'], 'photo_reference': 'CmRaAAAA-qaCbzARd_TG8DNAuqRMJtTg1hEUrT2OXZQ8KEpqFuJiWMMxJSOOxY9c1BPkQrcq7yML0TrfrIq7DYvSeeGQsP1rolkeH5WN-incQUceVBhGGXkhvHGF4To9zBRJCeQvEhDF9y54bPbCnk-r2IEvM8EoGhRtXSM3VyRHmUUgqOze68qx17WKSg', 'width': 1152}]",ChIJC_N-Qnm3t4kRYe2uYARCozE,"{'compound_code': 'VXMG+MG Washington, District of Columbia', 'global_code': '87C4VXMG+MG'}",2,3.7,ChIJC_N-Qnm3t4kRYe2uYARCozE,"['cafe', 'food', 'point_of_interest', 'store', 'establishment']",105,"470 L'Enfant Plaza, E St SW #812, Washington, DC 20024, United States",20024
"{'location': {'lat': 38.886893, 'lng': -77.00224}, 'viewport': {'northeast': {'lat': 38.88830117989272, 'lng': -77.00085002010728}, 'southwest': {'lat': 38.88560152010728, 'lng': -77.00354967989271}}}",https://maps.gstatic.com/mapfiles/place_api/icons/cafe-71.png,dcde0383cdda0e9336bc87408c19fe6a50f8bd84,Starbucks,{'open_now': True},"[{'height': 1920, 'html_attributions': ['<a href=""https://maps.google.com/maps/contrib/112440223536481741909/photos"">h doldorih</a>'], 'photo_reference': 'CmRaAAAArq1pldBRQQKhw3_RLsfld9qTd1EZBuDZYOcbl7GwmMJkK_owWPWGdc9egTooErZlEmqXccPXFWAf9HXjIKxVT3kElZ6n-_34IgygNPYi6TQmMIpiRSECXzbtTf6KeN6yEhBg5A0Hdwcae8bxzUzXk76_GhTvscrJ-XXvVYFPDcLFthhKCU7asw', 'width': 2560}]",ChIJXxsWKSy4t4kRzmsx95_QR6A,"{'compound_code': 'VXPX+Q4 Washington, District of Columbia', 'global_code': '87C4VXPX+Q4'}",2,4.2,ChIJXxsWKSy4t4kRzmsx95_QR6A,"['cafe', 'bar', 'food', 'point_of_interest', 'store', 'establishment']",365,"237 Pennsylvania Ave SE, Washington, DC 20003, USA",20003
"{'location': {'lat': 38.902772, 'lng': -77.048609}, 'viewport': {'northeast': {'lat': 38.90405807989272, 'lng': -77.04725757010728}, 'southwest': {'lat': 38.90135842010728, 'lng': -77.04995722989271}}}",https://maps.gstatic.com/mapfiles/place_api/icons/cafe-71.png,8c43bb6701c932106c9b1d53021abf01f2defba8,Starbucks,{'open_now': True},"[{'height': 2988, 'html_attributions': ['<a href=""https://maps.google.com/maps/contrib/115211109634621519759/photos"">Cruise Planners - Nik Cannell</a>'], 'photo_reference': 'CmRaAAAAaEsqqBlTFDQLgaLlc0itXo9hT9qy9gnY2NemqWcO5BFJEO2qaLLmgQSnUDJnD-KujyoSRaaCky5gA_G_VXDU8CHvc9a1eqJz0IyltfhWeIBlE9VrVhwNfH0ziSZ7PwOrEhAwaGCBHUldGN2Ga5JhA0WzGhS0Q2En_1sbojUZWFMk71ozQHNsrw', 'width': 5312}]",ChIJh6sc0ra3t4kR-PkietZxjqQ,"{'compound_code': 'WX32+4H Washington, District of Columbia', 'global_code': '87C4WX32+4H'}",2,4.1,ChIJh6sc0ra3t4kR-PkietZxjqQ,"['cafe', 'food', 'point_of_interest', 'store', 'establishment']",211,"2175 K Street, NW, Washington, DC 20037, USA",20037
"{'location': {'lat': 38.899409, 'lng': -77.048401}, 'viewport': {'northeast': {'lat': 38.90084457989272, 'lng': -77.0470610201073}, 'southwest': {'lat': 38.89814492010728, 'lng': -77.04976067989273}}}",https://maps.gstatic.com/mapfiles/place_api/icons/cafe-71.png,2ead9a1798a8854081d184b72043eafd0760d256,Starbucks,{'open_now': True},"[{'height': 4128, 'html_attributions': ['<a href=""https://maps.google.com/maps/contrib/111389904439602227125/photos"">Lynn Horne-Moyer</a>'], 'photo_reference': 'CmRaAAAAvqhJa0J5S1f20uHjBpUS0S7Ci14vp4IOBoHlyc7LFvS87nFYIe_ox62cvDRYwXqiCOHAe4KwHNdfFfsoKCCjyO-h8JuM-_Ye2hUUJ2E8WRgfqyLWxY5UZu_zliVtStXeEhCpX7czbWKo10OVWg55Cu-kGhSvBmM4k7nOD1ADRdNVmEnUTd0Vyg', 'width': 3096}]",ChIJEZLBVrC3t4kRGbhVgb5SJKw,"{'compound_code': 'VXX2+QJ Washington, District of Columbia', 'global_code': '87C4VXX2+QJ'}",2,3,ChIJEZLBVrC3t4kRGbhVgb5SJKw,"['cafe', 'food', 'point_of_interest', 'store', 'establishment']",99,"2130 H St NW, Washington, DC 20052, USA",20052
"{'location': {'lat': 38.900015, 'lng': -76.99748699999999}, 'viewport': {'northeast': {'lat': 38.90146362989272, 'lng': -76.99611967010726}, 'southwest': {'lat': 38.89876397010728, 'lng': -76.99881932989271}}}",https://maps.gstatic.com/mapfiles/place_api/icons/cafe-71.png,3dd692341a96806010485b32c22fe76c58417d87,Starbucks,{'open_now': True},"[{'height': 4656, 'html_attributions': ['<a href=""https://maps.google.com/maps/contrib/100390138149488549428/photos"">Aldo Gutierrez Ubau</a>'], 'photo_reference': 'CmRaAAAA9cKYuIFNwe7SOTcw0CLCW-qxsuEJxonAbjA7DqCCOe9l_8EvYQ4Yqsg8E1Q7MprGAvsci40MQqyOo2zBL0a4MpmcEa4CcnohsYDpikRFASILekaWOXEn1lg3v7qdT8IUEhCmK8r6Iju4nMZy7D2MqeGfGhTvHwn34vUw7uxRLab9aBnfEEt2yg', 'width': 2620}]",ChIJa8KPGD24t4kRcVoK3l5gYiY,"{'compound_code': 'W223+22 Washington, District of Columbia', 'global_code': '87C5W223+22'}",2,4.3,ChIJa8KPGD24t4kRcVoK3l5gYiY,"['cafe', 'food', 'point_of_interest', 'store', 'establishment']",197,"625 H St NE B, Washington, DC 20002, USA",20002
"{'location': {'lat': 38.900632, 'lng': -76.979557}, 'viewport': {'northeast': {'lat': 38.90203602989273, 'lng': -76.97819557010729}, 'southwest': {'lat': 38.89933637010728, 'lng': -76.98089522989272}}}",https://maps.gstatic.com/mapfiles/place_api/icons/cafe-71.png,253a55c86c1620aee03480d703527ef301ff5e9c,Starbucks,{'open_now': True},"[{'height': 1280, 'html_attributions': ['<a href=""https://maps.google.com/maps/contrib/102156216606281479815/photos"">Dustin Goodman</a>'], 'photo_reference': 'CmRaAAAAPdJdt22RJhnqg8ck_JZ3r3f7rr9dSg-iEoQl3pu79nimXpTr4pVuxnjmKYU0gf43Bjf3HlxwNEZdauVNDjEQqpTUtPuSwiVodkoSYpYQM_8wIOOG3c8R9_ttqZudqHUZEhAXOCs1Pimu-YKUIC6TzcQYGhSAbPPzkbf5uePw4uimtGQOI4j7uw', 'width': 720}]",ChIJzytUxWm4t4kRzDxzaYRGi7I,"{'compound_code': 'W22C+75 Washington, District of Columbia', 'global_code': '87C5W22C+75'}",2,3.5,ChIJzytUxWm4t4kRzDxzaYRGi7I,"['cafe', 'food', 'point_of_interest', 'store', 'establishment']",26,"1601 Maryland Ave NE, Washington, DC 20002, USA",20002
"{'location': {'lat': 38.88364199999999, 'lng': -76.99518599999999}, 'viewport': {'northeast': {'lat': 38.88499167989271, 'lng': -76.99372967010729}, 'southwest': {'lat': 38.88229202010727, 'lng': -76.99642932989272}}}",https://maps.gstatic.com/mapfiles/place_api/icons/cafe-71.png,4ff28cd2533979acc75d33b5b00d02c9ebfe3048,Starbucks,{'open_now': True},"[{'height': 4032, 'html_attributions': ['<a href=""https://maps.google.com/maps/contrib/109905231844379577336/photos"">Shante Hawkins</a>'], 'photo_reference': 'CmRaAAAAQoDOpAB74EdE0BY2jp3VAWR8RB1muYJu_fWVeRFu_z4DHV94UPaoNTKV31vBOtxd04JS5eQDXFVSZ4daTN_AMPPlmk2bG6MYMgA00dGckX8UoVG3qkoIjdezU0eTqZz6EhB_Gc965EHCAhOEvnM5UcgcGhSbNWSHm4fCelxWx0pt4fgrJm7GmQ', 'width': 3024}]",ChIJQQjQBzO4t4kRXCBVyTEAmIc,"{'compound_code': 'V2M3+FW Washington, District of Columbia', 'global_code': '87C5V2M3+FW'}",2,3.9,ChIJQQjQBzO4t4kRXCBVyTEAmIc,"['cafe', 'food', 'point_of_interest', 'store', 'establishment']",212,"401 8th St SE, Washington, DC 20003, USA",20003
"{'location': {'lat': 38.9325358, 'lng': -76.9971137}, 'viewport': {'northeast': {'lat': 38.93398497989272, 'lng': -76.99582942010727}, 'southwest': {'lat': 38.93128532010728, 'lng': -76.99852907989272}}}",https://maps.gstatic.com/mapfiles/place_api/icons/cafe-71.png,32b7d323c484d634b4b30af02ba817b91adb124a,Starbucks Reserve,{'open_now': True},"[{'height': 4048, 'html_attributions': ['<a href=""https://maps.google.com/maps/contrib/102534873496096788981/photos"">Monica Keith</a>'], 'photo_reference': 'CmRaAAAAtIO_69f4HtJRYSvCSE7LpOSjGDDZ2UGgdk2WdXRzMZw76NOYqsuHGxG9FtkkVV-oTHln9Vxv04aosXfHP7s5-aR0zn1y1qb4lgLJ8RP-u2RVaNFeMmWTk0hccdroL9U_EhBdyVsxsJFjZTduaDtSOEThGhTstZuQEnaiTlY2sMO-ctRfdy4ViQ', 'width': 3036}]",ChIJSyxQIPDHt4kRqv7EpvOdUUI,"{'compound_code': 'W2M3+25 Washington, District of Columbia', 'global_code': '87C5W2M3+25'}",2,4.6,ChIJSyxQIPDHt4kRqv7EpvOdUUI,"['cafe', 'food', 'point_of_interest', 'store', 'establishment']",240,"655 Michigan Ave NE Suite B1, Washington, DC 20017, USA",20017
"{'location': {'lat': 38.87619, 'lng': -77.003691}, 'viewport': {'northeast': {'lat': 38.87766392989273, 'lng': -77.00244132010728}, 'southwest': {'lat': 38.87496427010728, 'lng': -77.00514097989273}}}",https://maps.gstatic.com/mapfiles/place_api/icons/cafe-71.png,b4b500088b7ae04d8337660ac899420e8c9b9e4d,Starbucks,{'open_now': True},"[{'height': 4032, 'html_attributions': ['<a href=""https://maps.google.com/maps/contrib/117281220924062306040/photos"">JIANMING YANG</a>'], 'photo_reference': 'CmRaAAAA6frEqxtXS8WSxMXTgV3QxX2sm_oeOLy8ydT6iM9A23YZCQ8XBThOZSjNYCStvGG0Ai4Rt1YRKbeM0ZsRTlkEqLk9f19EqQqNVYWJ6BcTjcl8tvfh7LkOLCLa-DtLeYGwEhC_woiwvjegDyRi97pwKNOWGhSr24waT9mlYe7gHJ5WxcKnRyRNWg', 'width': 3024}]",ChIJuwGXRNG5t4kRfwnywWUwAhs,"{'compound_code': 'VXGW+FG Washington, District of Columbia', 'global_code': '87C4VXGW+FG'}",2,3.6,ChIJuwGXRNG5t4kRfwnywWUwAhs,"['cafe', 'food', 'point_of_interest', 'store', 'establishment']",301,"1200 New Jersey Ave SE, Washington, DC 20590, USA",20590
"{'location': {'lat': 38.920247, 'lng': -76.95285299999999}, 'viewport': {'northeast': {'lat': 38.92169987989272, 'lng': -76.95161247010728}, 'southwest': {'lat': 38.91900022010728, 'lng': -76.95431212989271}}}",https://maps.gstatic.com/mapfiles/place_api/icons/cafe-71.png,af57d52a80844ce8db809015161538a5a5fc5978,Starbucks,{'open_now': True},"[{'height': 1068, 'html_attributions': ['<a href=""https://maps.google.com/maps/contrib/111995031096164617311/photos"">Shameka Lloyd</a>'], 'photo_reference': 'CmRaAAAAG6CI6cErwOVeBGyoeMnVc6uupNHvH2GtPwLHEsKqDvW65zyebFO9YFXPqdtCSxJ_RApvHJwXtPZrENRZW-hbAspV4dBZupZBoYQ0yMaI7DxMPw3NTndM5PAtr3rIs8Q5EhCcadOj-B-POuvKDuoOgT8PGhTiHsnOw8__i6fY_pcl12cyHwZGAA', 'width': 1900}]",ChIJUTNjK2PHt4kRkNM5Ev5qGSk,"{'compound_code': 'W2CW+3V Washington, District of Columbia', 'global_code': '87C5W2CW+3V'}",2,4,ChIJUTNjK2PHt4kRkNM5Ev5qGSk,"['cafe', 'food', 'point_of_interest', 'store', 'establishment']",317,"2430 Market St NE #1001, Washington, DC 20018, USA",20018
"{'location': {'lat': 38.87618, 'lng': -77.000361}, 'viewport': {'northeast': {'lat': 38.87765862989271, 'lng': -76.99901142010728}, 'southwest': {'lat': 38.87495897010727, 'lng': -77.00171107989273}}}",https://maps.gstatic.com/mapfiles/place_api/icons/cafe-71.png,7787dfd105ee0faa19a60f86026a7fcf1c1b1d3c,Starbucks,{'open_now': True},,ChIJobCw7dG5t4kRYGK9T2K4s30,"{'compound_code': 'VXGX+FV Washington, District of Columbia', 'global_code': '87C4VXGX+FV'}",2,3.7,ChIJobCw7dG5t4kRYGK9T2K4s30,"['cafe', 'food', 'point_of_interest', 'establishment']",66,"401 M St SE, Washington, DC 20003, USA",20003
"{'location': {'lat': 38.8844993, 'lng': -77.0295757}, 'viewport': {'northeast': {'lat': 38.88575157989272, 'lng': -77.02820537010727}, 'southwest': {'lat': 38.88305192010728, 'lng': -77.03090502989272}}}",https://maps.gstatic.com/mapfiles/place_api/icons/cafe-71.png,8c75d8e9f989251aa261b2656d074416eb2eb67f,Starbucks,{'open_now': True},"[{'height': 1536, 'html_attributions': ['<a href=""https://maps.google.com/maps/contrib/117052972868540332934/photos"">Ying Ting Huang</a>'], 'photo_reference': 'CmRaAAAATHadB-aY9mND5lcJSx0DzpqBVtTayfAu-Li4OB8Hztcwjr48UBRq4R5KGh-_buFaU6Y2tZEPtTc9tN3gZLMMk0Kd97JYY_qb9lBrmsqwX7miRcJhcw_Y-OsvUF51YpuwEhC3A3gCpPgxvZDtHz1CFB8hGhQ1svbZO1u9eU_DsSqWdygwcpl0Nw', 'width': 2048}]",ChIJ02mXj3W3t4kRQPtObw4EPV0,"{'compound_code': 'VXMC+Q5 Washington, District of Columbia', 'global_code': '87C4VXMC+Q5'}",2,3.8,ChIJ02mXj3W3t4kRQPtObw4EPV0,"['cafe', 'food', 'point_of_interest', 'store', 'establishment']",300,"1201 Maryland Ave SW, Washington, DC 20024, USA",20024
"{'location': {'lat': 38.896176, 'lng': -77.04464899999999}, 'viewport': {'northeast': {'lat': 38.89743547989271, 'lng': -77.04307527010727}, 'southwest': {'lat': 38.89473582010727, 'lng': -77.04577492989272}}}",https://maps.gstatic.com/mapfiles/place_api/icons/cafe-71.png,22d0abd05b94c708c1b7e8c2286efa9bdfea4464,Starbucks,{'open_now': True},"[{'height': 289, 'html_attributions': ['<a href=""https://maps.google.com/maps/contrib/110765564328552714100/photos"">Starbucks</a>'], 'photo_reference': 'CmRaAAAAhRt7-uOay5hDofCpbXhy0KtL8OmS3vHWd1OD95ayg6vJbEUedWOVVJvXPPpyU946DBowYrtgamp0CQsAiD29CG6krL__T-taFUxrX5GFioNNnZ5J1UiIXifg_1pKMcEbEhDeK_L_VGfHK4DectRnoWdkGhTpCuFH3If-ZTMnSyTYEQwmVDk5fQ', 'width': 512}]",ChIJHZYLWaW3t4kRQXTZMJ1VkoI,"{'compound_code': 'VXW4+F4 Washington, District of Columbia', 'global_code': '87C4VXW4+F4'}",2,3.3,ChIJHZYLWaW3t4kRQXTZMJ1VkoI,"['cafe', 'food', 'point_of_interest', 'store', 'establishment']",279,"1957 E St NW, Washington, DC 20052, USA",20052
"{'location': {'lat': 38.8988491, 'lng': -77.0400883}, 'viewport': {'northeast': {'lat': 38.90027842989272, 'lng': -77.03869287010727}, 'southwest': {'lat': 38.89757877010727, 'lng': -77.04139252989272}}}",https://maps.gstatic.com/mapfiles/place_api/icons/cafe-71.png,e7c742d7b7c816801e5d67e0708e67293e1cf9bf,Starbucks,{'open_now': True},"[{'height': 1920, 'html_attributions': ['<a href=""https://maps.google.com/maps/contrib/114488074924701303795/photos"">안뚜롱</a>'], 'photo_reference': 'CmRaAAAAIowrrZ8rAiQeVuc7OB26hN4DOVSU2wtprTGmdxND0t_IJnoxYQf_dGWyzlRjrAFEPs0ZTI2uore3GE7SmXH5fR5WT5bg423GAz73SO5ERHQDrkiXhtVz8xS8ncqvnEmTEhBaMwZIemc5zg4EPolv8tURGhSfR6xB6ROIZ-d_QsH16V_VoUj8eQ', 'width': 1080}]",ChIJa7wWv7e3t4kRcNExFfDxnkw,"{'compound_code': 'VXX5+GX Washington, District of Columbia', 'global_code': '87C4VXX5+GX'}",2,3.9,ChIJa7wWv7e3t4kRcNExFfDxnkw,"['cafe', 'food', 'point_of_interest', 'store', 'establishment']",42,"1730 Pennsylvania Ave NW, Washington, DC 20006, USA",20006
"{'location': {'lat': 38.902768, 'lng': -77.03899899999999}, 'viewport': {'northeast': {'lat': 38.90405687989272, 'lng': -77.03765117010728}, 'southwest': {'lat': 38.90135722010728, 'lng': -77.04035082989272}}}",https://maps.gstatic.com/mapfiles/place_api/icons/cafe-71.png,0830f8fb7b0abc0974c93d52efcf4dbcabfbd29a,Starbucks,{'open_now': True},"[{'height': 4640, 'html_attributions': ['<a href=""https://maps.google.com/maps/contrib/112732988511361239331/photos"">Itamar Baum</a>'], 'photo_reference': 'CmRaAAAAXMcnOv8ekMh0Js-3DvKJzA3Ls04h9UQ_E1oX0rIsr7ZVtjQ8sNjG31ezz_JGrpw13gLdR54bCELQl7X05QWfuSr2FXW7Gfwh_dB7umAMfF3wt2BrhiXpAPe1YYuIPPTmEhAeHaoTg3lJhoT2-9br9fWlGhSZIQSg55EvbWmiBrWkrR0pNe6C2w', 'width': 3480}]",ChIJZQ6Htb63t4kRNiuRpjIU5Eg,"{'compound_code': 'WX36+4C Washington, District of Columbia', 'global_code': '87C4WX36+4C'}",2,3.2,ChIJZQ6Htb63t4kRNiuRpjIU5Eg,"['cafe', 'food', 'point_of_interest', 'store', 'establishment']",147,"1001 Connecticut Ave NW, Washington, DC 20036, USA",20036
"{'location': {'lat': 38.877304, 'lng': -77.017337}, 'viewport': {'northeast': {'lat': 38.87866587989271, 'lng': -77.01617477010727}, 'southwest': {'lat': 38.87596622010727, 'lng': -77.01887442989272}}}",https://maps.gstatic.com/mapfiles/place_api/icons/cafe-71.png,4ec389250faa256f561716aee84afba60980a406,Starbucks,{'open_now': True},"[{'height': 3628, 'html_attributions': ['<a href=""https://maps.google.com/maps/contrib/112044752023826805717/photos"">Sam Odle</a>'], 'photo_reference': 'CmRaAAAAuDl10EhLQ3A4_agERcqCC7jIP2N1YFaLcEzR8Ys3W8FS9gDxh4Vq-cP71q02x5TP_L6bTCksYx2hhftN_oL8gBQIS6fzrLQipdvMcUoIJ8l7sc9MnWHUHcfiKHJTNbeFEhARMPOIVrvrfr_JS08eLVmxGhRgQTWbpo3zLZDT03rBM3ZfO4RvfA', 'width': 11560}]",ChIJC_N-Qnm3t4kRHjEsStaXeiI,"{'compound_code': 'VXGM+W3 Washington, District of Columbia', 'global_code': '87C4VXGM+W3'}",2,3.4,ChIJC_N-Qnm3t4kRHjEsStaXeiI,"['cafe', 'food', 'point_of_interest', 'store', 'establishment']",137,"1100 4th St SW, Washington, DC 20024, USA",20024
"{'location': {'lat': 38.901015, 'lng': -77.050435}, 'viewport': {'northeast': {'lat': 38.90243962989273, 'lng': -77.04902317010728}, 'southwest': {'lat': 38.89973997010728, 'lng': -77.05172282989273}}}",https://maps.gstatic.com/mapfiles/place_api/icons/cafe-71.png,9fcf9a359d1f8e18a693b41f0907c12f4e4b924d,Starbucks,{'open_now': True},"[{'height': 4032, 'html_attributions': ['<a href=""https://maps.google.com/maps/contrib/113914239371726745905/photos"">Hyeonjin Kim</a>'], 'photo_reference': 'CmRaAAAAfLEHA9lYE3qleyOt-sJ1w0cRMliO2ngsaX-bx8ZVevczBev-Gdc1uB-1yFMGjNnbrQW_6SdK-HZNbWAUFFM3U_Kc_4oajIESw6QktVMcQgxnVoqOJXPMHxM1WUN3v5xREhBXZtOrB3bg4oyH90zSi7STGhTjHZGyY9LgfeV_6bbSOLCkzax8bQ', 'width': 3024}]",ChIJ6ddHYLG3t4kRnALcfjZsIpA,"{'compound_code': 'WW2X+CR Washington, District of Columbia', 'global_code': '87C4WW2X+CR'}",2,3.5,ChIJ6ddHYLG3t4kRnALcfjZsIpA,"['cafe', 'food', 'point_of_interest', 'store', 'establishment']",116,"900 23rd St NW, Washington, DC 20037, USA",20037
"{'location': {'lat': 38.905404, 'lng': -77.048361}, 'viewport': {'northeast': {'lat': 38.90668347989272, 'lng': -77.04701027010728}, 'southwest': {'lat': 38.90398382010727, 'lng': -77.04970992989273}}}",https://maps.gstatic.com/mapfiles/place_api/icons/cafe-71.png,32092f83e11fe482f893ac7538de25d089d34f40,Starbucks,{'open_now': True},"[{'height': 3264, 'html_attributions': ['<a href=""https://maps.google.com/maps/contrib/110758008049361486806/photos"">Jai Udit</a>'], 'photo_reference': 'CmRaAAAAz_yV4W9QVAR9WfN3WnA_9wI3WmYn3rVbvMyAPeCBTGOz5_ZNPD_ifhL4qwcKxwnQz9R75MK3OtfYAnSvjFn--iSnI3zP8M1q7s-cOXE_cgTO1Nzh9FWzA5dA4bGcvhqLEhAAHcuCoX5ewHf4qnTnuk-ZGhTYR95g4qYKYIfX9myKoVrxXJwOow', 'width': 1836}]",ChIJF2M3W7a3t4kRUr2N4U48s0A,"{'compound_code': 'WX42+5M Washington, District of Columbia', 'global_code': '87C4WX42+5M'}",2,3.8,ChIJF2M3W7a3t4kRUr2N4U48s0A,"['cafe', 'food', 'point_of_interest', 'store', 'establishment']",156,"2109 M St NW, Washington, DC 20037, USA",20037
"{'location': {'lat': 38.905052, 'lng': -77.06188999999999}, 'viewport': {'northeast': {'lat': 38.90646867989272, 'lng': -77.06054047010727}, 'southwest': {'lat': 38.90376902010727, 'lng': -77.0632401298927}}}",https://maps.gstatic.com/mapfiles/place_api/icons/cafe-71.png,da99c09bb70545e1013fe660e681a18dbf6d181f,Starbucks,{'open_now': True},"[{'height': 4032, 'html_attributions': ['<a href=""https://maps.google.com/maps/contrib/106404579243406994161/photos"">Peter Middleton</a>'], 'photo_reference': 'CmRaAAAAKht5yy8IOZhkeIZRLkyU96V5nq5l_r9E0xjPuLGXRzyP3ABu7nFbky4uMSGELzGJ3ckJwzEMikRtuQi5Wf5gd2q9J5FHGZzQXWZhcpu3Gp9t3xoJJ_s_8Jo2-LpmJRBiEhDSpi2WLYp_jZ7_S0BlhurdGhStNkOppuFN6OhvyHqkqsVsb6ypEA', 'width': 3024}]",ChIJRQ5D4Uu2t4kReTlUekrWCq0,"{'compound_code': 'WW4Q+26 Washington, District of Columbia', 'global_code': '87C4WW4Q+26'}",2,3.8,ChIJRQ5D4Uu2t4kReTlUekrWCq0,"['cafe', 'food', 'point_of_interest', 'store', 'establishment']",227,"3122 M St NW, Washington, DC 20007, USA",20007
"{'location': {'lat': 38.902229, 'lng': -77.060228}, 'viewport': {'northeast': {'lat': 38.90357882989272, 'lng': -77.05887817010728}, 'southwest': {'lat': 38.90087917010728, 'lng': -77.06157782989273}}}",https://maps.gstatic.com/mapfiles/place_api/icons/cafe-71.png,5e282375366a29864f953a78d753c3f73d7caf40,Starbucks,{'open_now': True},"[{'height': 794, 'html_attributions': ['<a href=""https://maps.google.com/maps/contrib/114138694696943250440/photos"">Starbucks</a>'], 'photo_reference': 'CmRaAAAAxoossFj05dUuPmLHFLKjz_SwqfMtT_2Z9vL8p6wiagnn7Dc79l5BsiIfc98riUIZLWocNvv9vUasR2P2MahRgzF67RrkHBgsTYvRZKFqch8W_17-DOT4pfrvyZBvQoPGEhBgRa3Km7pZPaJT4zvvFfe0GhTLsxDRGNRtuerqaRCM2YE8nmxrrA', 'width': 1415}]",ChIJX12BQ0y2t4kRUUj42Bjyi-g,"{'compound_code': 'WW2Q+VW Washington, District of Columbia', 'global_code': '87C4WW2Q+VW'}",2,3.6,ChIJX12BQ0y2t4kRUUj42Bjyi-g,"['cafe', 'food', 'point_of_interest', 'store', 'establishment']",267,"3050 K St NW, Washington, DC 20007, USA",20007
"{'location': {'lat': 38.905205, 'lng': -77.067677}, 'viewport': {'northeast': {'lat': 38.90649342989272, 'lng': -77.06632537010726}, 'southwest': {'lat': 38.90379377010728, 'lng': -77.06902502989271}}}",https://maps.gstatic.com/mapfiles/place_api/icons/cafe-71.png,bc5b3b9d014ce3a66557b078c069c5345946261d,Starbucks,{'open_now': True},"[{'height': 4032, 'html_attributions': ['<a href=""https://maps.google.com/maps/contrib/115750994308994105706/photos"">Ariel Pgq</a>'], 'photo_reference': 'CmRaAAAAfSEpYFmT7u7aHZQwieXqulJHE10oqKrOXJOqUyAsZZvtVvNf6N_vfjE4KWTilHCntQr3gQvU1vB0VGJeCAL5DMAAAIKQYhLH-gZrd91xhMiYWGy6Js09QCXJqEMiuTRXEhBgGlu8PqkH-M_PitgaVqH3GhRLAe3zAMlFGdbHO5bg8oy6l4xnpg', 'width': 1960}]",ChIJ1ekvaVi3t4kRfFlD98b_NpQ,"{'compound_code': 'WW4J+3W Washington, District of Columbia', 'global_code': '87C4WW4J+3W'}",2,4.4,ChIJ1ekvaVi3t4kRfFlD98b_NpQ,"['cafe', 'food', 'point_of_interest', 'store', 'establishment']",83,"3347 M St NW, Washington, DC 20007, USA",20007
"{'location': {'lat': 38.915796, 'lng': -77.067533}, 'viewport': {'northeast': {'lat': 38.91710147989272, 'lng': -77.06629687010727}, 'southwest': {'lat': 38.91440182010728, 'lng': -77.06899652989271}}}",https://maps.gstatic.com/mapfiles/place_api/icons/cafe-71.png,d9040e58a7933d81e6686c7f8cefbd7492d62c38,Starbucks,{'open_now': True},"[{'height': 664, 'html_attributions': ['<a href=""https://maps.google.com/maps/contrib/107769202527476476101/photos"">Starbucks</a>'], 'photo_reference': 'CmRaAAAAmGWu3PGdX3sSdb7RDkXKsWyQlpBPTOCmJ7AcS7FXeFwL-z1afWLi-nwJTaKDas9l8sLLVOhe7nsot7zTF9oM4OFun4dUs0BAjqJ5VfVKilX0apiJ-ycyP5xjkliM74bOEhB7KTee-u0GakvLyLCGLd9BGhQfEov6woVZmxbcLkpw7QRNRThqWg', 'width': 732}]",ChIJh_CorzC2t4kRZvnRLf6PQhc,"{'compound_code': 'WW8J+8X Washington, District of Columbia', 'global_code': '87C4WW8J+8X'}",2,4.2,ChIJh_CorzC2t4kRZvnRLf6PQhc,"['cafe', 'food', 'point_of_interest', 'store', 'establishment']",124,"1855 Wisconsin Ave NW, Washington, DC 20007, USA",20007
"{'location': {'lat': 38.90967699999999, 'lng': -77.074601}, 'viewport': {'northeast': {'lat': 38.91100952989272, 'lng': -77.07297752010729}, 'southwest': {'lat': 38.90830987010728, 'lng': -77.07567717989272}}}",https://maps.gstatic.com/mapfiles/place_api/icons/cafe-71.png,9bce52f62fc0c04626eb413f5d17023564832707,Starbucks,{'open_now': True},"[{'height': 4032, 'html_attributions': ['<a href=""https://maps.google.com/maps/contrib/108295631002634278946/photos"">Patrice M.</a>'], 'photo_reference': 'CmRaAAAAFwc7uIjqiYsW1KSdP_mmN2wH_wYFYBN_YbIY7Qjp3lYQxKRFWPcaRWfxlimq8Wf1I7bknoAEb9Fv5JvRw7pDWY11IikHdydINsUAv5Y7EulsWnOXjCdoLicwtX3tbHT8EhCL5n9-fvQ0UdMm2JEoQrdMGhQzCk52WXxrkNufmq4vCm2EYDQHoQ', 'width': 2268}]",ChIJdYmS7EC2t4kRlhIT_FtT0lg,"{'compound_code': 'WW5G+V5 Washington, District of Columbia', 'global_code': '87C4WW5G+V5'}",2,3.3,ChIJdYmS7EC2t4kRlhIT_FtT0lg,"['cafe', 'food', 'point_of_interest', 'store', 'establishment']",70,"3800 Reservoir Rd NW, Washington, DC 20007, USA",20007
"{'location': {'lat': 38.9249719, 'lng': -77.0519602}, 'viewport': {'northeast': {'lat': 38.92626372989272, 'lng': -77.05077697010728}, 'southwest': {'lat': 38.92356407010728, 'lng': -77.05347662989271}}}",https://maps.gstatic.com/mapfiles/place_api/icons/cafe-71.png,f555c5002f9ac7ddd6d73074f32e169704284a36,Starbucks,{'open_now': True},"[{'height': 4032, 'html_attributions': ['<a href=""https://maps.google.com/maps/contrib/117688402320024749080/photos"">Ashley Stearns</a>'], 'photo_reference': 'CmRaAAAA5dgjBijnhX6y118tukLQrJsiIcXX9G34vAA-LRzgAS0Y55JVmtfw9Kw2ofcgS6DdrFBNny1PoKZ5qeh_9usEUhG2ksEACTCSyjhxRnbwO3QmxAgcVQVklH5ViA3DCmI7EhALTvfsbxVa3yxFacGISNW1GhREjOgEjqNjIOHL30I_lJzWrCrXFA', 'width': 3024}]",ChIJOy90P9S3t4kRQ-qOIqcTHKA,"{'compound_code': 'WWFX+X6 Washington, District of Columbia', 'global_code': '87C4WWFX+X6'}",2,3.6,ChIJOy90P9S3t4kRQ-qOIqcTHKA,"['cafe', 'food', 'point_of_interest', 'store', 'establishment']",109,"2649 Connecticut Ave NW, Washington, DC 20008, USA",20008
"{'location': {'lat': 38.944496, 'lng': -77.06419199999999}, 'viewport': {'northeast': {'lat': 38.94594147989272, 'lng': -77.06265152010727}, 'southwest': {'lat': 38.94324182010727, 'lng': -77.06535117989272}}}",https://maps.gstatic.com/mapfiles/place_api/icons/cafe-71.png,d6f3f40a4a7a0e384b9460e1d01cd83a6f965687,Starbucks,{'open_now': True},"[{'height': 4032, 'html_attributions': ['<a href=""https://maps.google.com/maps/contrib/101001470829734548468/photos"">Cristian Gomez</a>'], 'photo_reference': 'CmRaAAAAHxDG4pC9lwlMXusie2a4j7GTxTTNRRxTFaU-SSUKv_HCJ0Xsw0h29VjdxnmNMmY8QrnQOGtfW3VKtzh_lBLh4coSa1mnkdDBrY58sutsdt0aaXymmU3UPKs1NfXblK60EhBY_9z3SESYr6eFmroPjc-wGhTuJxIxhgcz4D7jiyfSlrwbsuWW8A', 'width': 3024}]",ChIJ22KMxM7Jt4kRVvdf7K3_uW4,"{'compound_code': 'WWVP+Q8 Washington, District of Columbia', 'global_code': '87C4WWVP+Q8'}",2,3.9,ChIJ22KMxM7Jt4kRVvdf7K3_uW4,"['cafe', 'food', 'point_of_interest', 'store', 'establishment']",164,"4250 Connecticut Ave NW, Washington, DC 20008, USA",20008
"{'location': {'lat': 38.929545, 'lng': -77.055303}, 'viewport': {'northeast': {'lat': 38.93093802989272, 'lng': -77.05383117010729}, 'southwest': {'lat': 38.92823837010727, 'lng': -77.05653082989272}}}",https://maps.gstatic.com/mapfiles/place_api/icons/cafe-71.png,ee7800ea3c3e0308dc5ebcb7f4cd4c0b2875bd4d,Starbucks,{'open_now': True},"[{'height': 289, 'html_attributions': ['<a href=""https://maps.google.com/maps/contrib/114796472629752249808/photos"">Starbucks</a>'], 'photo_reference': 'CmRaAAAAATi-3-ZGLXRIiYowh0nCOyb2gmEgQ6Wo_Z_TRlNEpr4GN9Xknf3o4iCctMJKeZ_HozNtBzPlfyUhJE93ObHRw36wExAom2U1jJm4vmEgdgUNPv5A-d0vJzAXp8t4Rly2EhBW44OCw5Giwb8EHRZ0UYTNGhRuDylX4WemfO8drHCcz0Ubyj_yTg', 'width': 512}]",ChIJ____Kh-4t4kRGuZs2oUvFk8,"{'compound_code': 'WWHV+RV Washington, District of Columbia', 'global_code': '87C4WWHV+RV'}",2,3.9,ChIJ____Kh-4t4kRGuZs2oUvFk8,"['cafe', 'food', 'point_of_interest', 'store', 'establishment']",139,"3000 Connecticut Ave NW Space A & B, Washington, DC 20008, USA",20008
"{'location': {'lat': 38.912757, 'lng': -77.04552900000002}, 'viewport': {'northeast': {'lat': 38.91413287989272, 'lng': -77.0441033701073}, 'southwest': {'lat': 38.91143322010727, 'lng': -77.04680302989273}}}",https://maps.gstatic.com/mapfiles/place_api/icons/cafe-71.png,42436c79572fd33d3327846f20a5bc85a08f7149,Starbucks,{'open_now': True},"[{'height': 3264, 'html_attributions': ['<a href=""https://maps.google.com/maps/contrib/103346650026881026205/photos"">Matthew Matyjek</a>'], 'photo_reference': 'CmRaAAAAuT1hCog2psacjLOxKjwjbi_4WUsZg1Cyy8o1jPed29FS1ZDVC98UWsbboBJzeEr-YPjWnBlcbdRdegJxJPYKdFTR-MEzYSJhnuR99Kk2CCYBAzTDmA77NUMN_STfFFKFEhBOR38s-7d6h3utARWb3jpCGhTbvdnFEIwtCpbSgQByz9X-BqSRrw', 'width': 1836}]",ChIJDQDwTc-3t4kR-kDvgQhRdUw,"{'compound_code': 'WX73+4Q Washington, District of Columbia', 'global_code': '87C4WX73+4Q'}",2,3.7,ChIJDQDwTc-3t4kR-kDvgQhRdUw,"['cafe', 'food', 'point_of_interest', 'store', 'establishment']",211,"1700 Connecticut Ave NW, Washington, DC 20009, USA",20009
"{'location': {'lat': 38.935462, 'lng': -77.073129}, 'viewport': {'northeast': {'lat': 38.93690812989272, 'lng': -77.07197392010727}, 'southwest': {'lat': 38.93420847010728, 'lng': -77.07467357989272}}}",https://maps.gstatic.com/mapfiles/place_api/icons/cafe-71.png,841fce5443ca1f5f572fcb61cd1739c1b6ab2408,Starbucks,{'open_now': True},"[{'height': 1512, 'html_attributions': ['<a href=""https://maps.google.com/maps/contrib/100637592097302645766/photos"">Ronda Bernstein</a>'], 'photo_reference': 'CmRaAAAANlDTXvcsIGngoXAW8jhd43CNK52OprWKqNCaZyQszGiDYdajs1JiogReCbf35gZEHh9AWQkCCfUROjxJacT9scjVwgfBzpa8YDv3qqWtOl8ao04bNf6X9qeyg4rXijbzEhDrcLoH_wlyc_rBzKyUztZXGhSWUQ_JAZwfekGQZfq-sjZ44TwlgQ', 'width': 2688}]",ChIJQdb5VNnJt4kRnuPu4SNF6Pk,"{'compound_code': 'WWPG+5P Washington, District of Columbia', 'global_code': '87C4WWPG+5P'}",2,4.3,ChIJQdb5VNnJt4kRnuPu4SNF6Pk,"['cafe', 'bar', 'food', 'point_of_interest', 'store', 'establishment']",156,"Wisconsin Avenue &, Idaho Ave NW, Washington, DC 20016, United States",20016
"{'location': {'lat': 38.922716, 'lng': -77.04292099999999}, 'viewport': {'northeast': {'lat': 38.92400652989273, 'lng': -77.04150867010728}, 'southwest': {'lat': 38.92130687010729, 'lng': -77.04420832989271}}}",https://maps.gstatic.com/mapfiles/place_api/icons/cafe-71.png,14c31dcce0c0529767e475eaf8e918bc9aee41a5,Starbucks,{'open_now': True},"[{'height': 5312, 'html_attributions': ['<a href=""https://maps.google.com/maps/contrib/111419807127177495001/photos"">김상혁</a>'], 'photo_reference': 'CmRaAAAAlPyULHezkFK91RgoF076uAehOgRpV5O8Q8XqU_a92ADoGl1LPefb8Eng9ZF7S_N3tpj7XREJIWPlAScM9cbchLaZ_m5x21efHSCnPDJcBwdsLDZw5uXFsrlMWJyPct13EhDh113IRzDo3Z9hWsWAf_juGhTXsAK6OTVkwIKGGilp3IJDHpst-Q', 'width': 2988}]",ChIJyQkYidm3t4kRQWq_0RJzuNU,"{'compound_code': 'WXF4+3R Washington, District of Columbia', 'global_code': '87C4WXF4+3R'}",2,3.9,ChIJyQkYidm3t4kRQWq_0RJzuNU,"['cafe', 'bar', 'food', 'point_of_interest', 'store', 'establishment']",272,"1801 Columbia Rd NW, Washington, DC 20009, USA",20009
"{'location': {'lat': 38.963237, 'lng': -77.074901}, 'viewport': {'northeast': {'lat': 38.96462987989273, 'lng': -77.07342802010727}, 'southwest': {'lat': 38.96193022010728, 'lng': -77.07612767989272}}}",https://maps.gstatic.com/mapfiles/place_api/icons/cafe-71.png,32f320d655b6cedb465615547507d5ebfb4d9580,Starbucks,{'open_now': True},"[{'height': 2560, 'html_attributions': ['<a href=""https://maps.google.com/maps/contrib/115478181962145396901/photos"">Zahraa Alnajjar</a>'], 'photo_reference': 'CmRaAAAAA53uqVWxO5fkeOppKjqS-_ZTtYsSeTzAaGUHYLW9_Xc1qCSL-y0oLzv7XDsxeSxHT9laschICA-demqdDucpQK4U50OBWtHyjAjFBZTzfOGmOIi8Q_QJMn0dlTpF6uwlEhAYbJ9jg2-Z-_iDZMVux9OKGhTLHxtxLuNSXYit-bz5WhQuXf6dMA', 'width': 1920}]",ChIJeXXdQaPJt4kR3tymurmpjHI,"{'compound_code': 'XW7G+72 Washington, District of Columbia', 'global_code': '87C4XW7G+72'}",2,4,ChIJeXXdQaPJt4kR3tymurmpjHI,"['cafe', 'food', 'point_of_interest', 'store', 'establishment']",89,"5500 Connecticut Ave NW, Washington, DC 20015, USA",20015
"{'location': {'lat': 38.9051, 'lng': -77.051822}, 'viewport': {'northeast': {'lat': 38.90652792989273, 'lng': -77.05047227010728}, 'southwest': {'lat': 38.90382827010728, 'lng': -77.05317192989273}}}",https://maps.gstatic.com/mapfiles/place_api/icons/cafe-71.png,55d67dab08cfe655709ea6ebed245720e54521a9,Starbucks,{'open_now': True},"[{'height': 664, 'html_attributions': ['<a href=""https://maps.google.com/maps/contrib/107488189457800867364/photos"">Starbucks</a>'], 'photo_reference': 'CmRaAAAAewb84_3x14aG57UpNArlC44i81zX5rjX7hjpsb-1L5VUVob7sDT1fAUddAgy0kGyAZZvSy8ccuzVc9SdzjiTkJ4aa52WJS3LNz4zmxPPwuY7FZj0U--kuvnkCCJFuVCbEhC0H4EuAAlEnXW9VfP1Fy0yGhSR-rh9rkt82zOprY4qJjHk_SeFGA', 'width': 732}]",ChIJ1dmkNrS3t4kRU8JhHwTrFwg,"{'compound_code': 'WW4X+27 Washington, District of Columbia', 'global_code': '87C4WW4X+27'}",2,3.5,ChIJ1dmkNrS3t4kRU8JhHwTrFwg,"['cafe', 'food', 'point_of_interest', 'store', 'establishment']",120,"2400 M St NW, Washington, DC 20037, USA",20037
"{'location': {'lat': 38.960526, 'lng': -77.084915}, 'viewport': {'northeast': {'lat': 38.96170367989272, 'lng': -77.08380082010727}, 'southwest': {'lat': 38.95900402010727, 'lng': -77.08650047989272}}}",https://maps.gstatic.com/mapfiles/place_api/icons/cafe-71.png,e28f24cb96fd91fe5675ac21a39cd12b6fa4cc67,Starbucks,{'open_now': True},"[{'height': 289, 'html_attributions': ['<a href=""https://maps.google.com/maps/contrib/102909816809526681802/photos"">Starbucks</a>'], 'photo_reference': 'CmRaAAAAnCdqDWJyGvueddjnuG_y50cP1qEQ--PHhnIYMur505MYeUh9-fcEfu_DdEp05wapAfO8VDt_z5sl1xs2KZdr06l_lRwfru1H3geiLa3mXkbzCZ1p_JuzSNSD2JP8-_nuEhBC1UzOYlf4xm13p843KEv9GhRLaNBsL8mBII8sMWKXy2hEL_vyYw', 'width': 512}]",ChIJZ_Ri1pbJt4kR0mLbrNZBlkg,"{'compound_code': 'XW68+62 Washington, District of Columbia', 'global_code': '87C4XW68+62'}",2,3.5,ChIJZ_Ri1pbJt4kR0mLbrNZBlkg,"['cafe', 'food', 'point_of_interest', 'store', 'establishment']",32,"Center Metro Level, 5335 Wisconsin Ave NW, Washington, DC 20015, USA",20015
"{'location': {'lat': 38.948338, 'lng': -77.079655}, 'viewport': {'northeast': {'lat': 38.94964732989272, 'lng': -77.07841862010727}, 'southwest': {'lat': 38.94694767010728, 'lng': -77.0811182798927}}}",https://maps.gstatic.com/mapfiles/place_api/icons/cafe-71.png,14240e17deaa3607d4604e7e824aeda260958344,Starbucks,{'open_now': True},"[{'height': 289, 'html_attributions': ['<a href=""https://maps.google.com/maps/contrib/110942787250680856734/photos"">Starbucks</a>'], 'photo_reference': 'CmRaAAAA3QGE6opgdsTUPgyYuWik--wuH8awiXNzKAWv8k4adKbLC9AAJQ83VXkWJaM4kNxGn3SJsLbojRlPJXa7ADIEP5GHlGMhDnwpL-KykfP0QSfx7OFaXIkvjk_VeJniUgEKEhAmolsq0tS8soBnKa6nFUGPGhSXH23-PapQdlXFLETqqsXA6NLatA', 'width': 512}]",ChIJk_LDCurJt4kRyYipzXJdJGk,"{'compound_code': 'WWXC+84 Washington, District of Columbia', 'global_code': '87C4WWXC+84'}",2,4.1,ChIJk_LDCurJt4kRyYipzXJdJGk,"['cafe', 'food', 'point_of_interest', 'store', 'establishment']",185,"4513 Wisconsin Ave NW, Washington, DC 20016, USA",20016
"{'location': {'lat': 38.929438, 'lng': -77.032504}, 'viewport': {'northeast': {'lat': 38.93078057989273, 'lng': -77.03125987010728}, 'southwest': {'lat': 38.92808092010728, 'lng': -77.03395952989273}}}",https://maps.gstatic.com/mapfiles/place_api/icons/cafe-71.png,54c7af78b0e3d342a9611b2d8455f2e73715497f,Starbucks,{'open_now': True},"[{'height': 4048, 'html_attributions': ['<a href=""https://maps.google.com/maps/contrib/115573967074296528715/photos"">Sara Power</a>'], 'photo_reference': 'CmRaAAAAijDu8Q0VO7E3JydDUbOTltAUP_haWf3BrN69EEo48Vtqoq7M1kQutcdnjgmIsxzvjiCgTKIwpeosFhMKn8ACUo1nNC25nlFmVgADeJUzqpkipeghqGI8glha_21dUervEhAs6egf6y2KMVBD969niioUGhQsKQKUsRXtHgI88Hho-bCM83UuWw', 'width': 3036}]",ChIJG3QQcR_It4kRuPH3lDjZaM4,"{'compound_code': 'WXH8+QX Washington, District of Columbia', 'global_code': '87C4WXH8+QX'}",2,4,ChIJG3QQcR_It4kRuPH3lDjZaM4,"['cafe', 'food', 'point_of_interest', 'store', 'establishment']",200,"3107 14th St NW, Washington, DC 20010, USA",20010
"{'location': {'lat': 38.929286, 'lng': -77.03288500000001}, 'viewport': {'northeast': {'lat': 38.93064212989272, 'lng': -77.03144327010727}, 'southwest': {'lat': 38.92794247010728, 'lng': -77.03414292989272}}}",https://maps.gstatic.com/mapfiles/place_api/icons/cafe-71.png,dbb6737fc9bd6db1aa2bf78ab4fe9275a2eeb04b,Starbucks,{'open_now': True},"[{'height': 2112, 'html_attributions': ['<a href=""https://maps.google.com/maps/contrib/109670219066111135170/photos"">Thomas Sumner</a>'], 'photo_reference': 'CmRaAAAAZf2KV6ZsmrnULKPwYWWdH01uFV0q6-qLKK5wpyKZ8dnvl4M4H1cb5SXvr63MDAY3_h9d6SQxh-WVSmThortmXj3NT89FFfWLrg87ucEkSO2OxGktRxJ254m7nKPOfsv_EhDE30KY38eP3w1KQQrfoY5hGhRZAOd7tSEs5MhcJV0fh64e_YMn-Q', 'width': 2816}]",ChIJOU8a1yHIt4kRBNJG9CPDNZs,"{'compound_code': 'WXH8+PR Washington, District of Columbia', 'global_code': '87C4WXH8+PR'}",2,3.1,ChIJOU8a1yHIt4kRBNJG9CPDNZs,"['cafe', 'food', 'point_of_interest', 'store', 'establishment']",25,"3100 14th St NW Suite 201, Washington, DC 20010, USA",20010
"{'location': {'lat': 38.938509, 'lng': -77.02485899999999}, 'viewport': {'northeast': {'lat': 38.93987052989272, 'lng': -77.02340992010728}, 'southwest': {'lat': 38.93717087010728, 'lng': -77.02610957989272}}}",https://maps.gstatic.com/mapfiles/place_api/icons/cafe-71.png,cbcde276ad28e7fc7e35e1c2a49672a45fa1c965,Starbucks,{'open_now': True},"[{'height': 3024, 'html_attributions': ['<a href=""https://maps.google.com/maps/contrib/108514088843488433198/photos"">Marni Lenahan</a>'], 'photo_reference': 'CmRaAAAAB_kvVIiKJh3JWTytGHw0nJi6XYqFvNmO_RNz6pqodkgC0AzMjhP8EvKgMgEkJvFh8OZ82a3CMXrKwUruN9hIB2xswqK77bJr8zYCrNFTOMZ5zMAjg4tviez1ReEW8CbKEhA_SimSG-CQ9KYzW_2TdUwAGhRCfLu05_6CsSd3JmpQM1BnhUcKZQ', 'width': 4032}]",ChIJh8MvABHIt4kRa8Od2cf1XOE,"{'compound_code': 'WXQG+C3 Washington, District of Columbia', 'global_code': '87C4WXQG+C3'}",2,3.7,ChIJh8MvABHIt4kRa8Od2cf1XOE,"['cafe', 'food', 'point_of_interest', 'establishment']",37,"3830 Georgia Ave NW, Washington, DC 20011, USA",20011
"{'location': {'lat': 38.974831, 'lng': -77.01527}, 'viewport': {'northeast': {'lat': 38.97622742989272, 'lng': -77.01391337010728}, 'southwest': {'lat': 38.97352777010728, 'lng': -77.01661302989272}}}",https://maps.gstatic.com/mapfiles/place_api/icons/cafe-71.png,7f38d964f7687a8737ca6e1b8cd57456f5a026b7,Starbucks,{'open_now': True},"[{'height': 1080, 'html_attributions': ['<a href=""https://maps.google.com/maps/contrib/107925000936743219716/photos"">Rachel Roberts</a>'], 'photo_reference': 'CmRaAAAA1PAZNzKuFPi3Apy-pwZhzRN3j-GrebNANmhuAWdtgLSMwg0hXMC9hKL3vrmDQYw0E4Ed898l31RSrnbTMBfSa4V2nkj4h_fF4OGwctw67VmwuQf1afu6EADqKWw4g6fSEhA4NsY7qAK5BtLm9aYC4HeaGhQPIR55Q4kRV6_oH4oet0P2uX8ocQ', 'width': 1920}]",ChIJWV12Q4PIt4kRlrXm7oZyT9w,"{'compound_code': 'XXFM+WV Washington, District of Columbia', 'global_code': '87C4XXFM+WV'}",2,4.4,ChIJWV12Q4PIt4kRlrXm7oZyT9w,"['cafe', 'food', 'point_of_interest', 'store', 'establishment']",209,"232 Carroll St NW, Washington, DC 20012, USA",20012
"{'location': {'lat': 38.969366, 'lng': -77.026422}, 'viewport': {'northeast': {'lat': 38.97064087989271, 'lng': -77.02507262010727}, 'southwest': {'lat': 38.96794122010727, 'lng': -77.02777227989272}}}",https://maps.gstatic.com/mapfiles/place_api/icons/cafe-71.png,e11ea1d81033768d770d988362e067071647b8db,Starbucks,{'open_now': True},"[{'height': 1552, 'html_attributions': ['<a href=""https://maps.google.com/maps/contrib/100948391256473143064/photos"">Arnold Thomas Bigger</a>'], 'photo_reference': 'CmRaAAAAFJcVo2qbMPNJbExTHPFh9yw7_3roxOf2M5Aby4F5vwxSCbnDmGLl3-UkJVxD4B1CUs9rIUKhXz_VBovVok7-UeSYyxzNW05NdJ8CiCt0FwTbc3x1UW5p9bNhoW1ZXuMLEhCB8RguKQUcgcI8uofsBGXQGhRfnE68eyEnt8SehLqagFsTWEKjtg', 'width': 2592}]",ChIJ495XdYnIt4kRr1hmDrGtcBI,"{'compound_code': 'XX9F+PC Washington, District of Columbia', 'global_code': '87C4XX9F+PC'}",2,4,ChIJ495XdYnIt4kRr1hmDrGtcBI,"['cafe', 'food', 'point_of_interest', 'store', 'establishment']",134,"6500 Piney Branch Rd NW, Washington, DC 20012, USA",20012
"{'location': {'lat': 38.935584, 'lng': -76.99803899999999}, 'viewport': {'northeast': {'lat': 38.93695327989273, 'lng': -76.99663862010728}, 'southwest': {'lat': 38.93425362010728, 'lng': -76.99933827989271}}}",https://maps.gstatic.com/mapfiles/place_api/icons/cafe-71.png,f53ee246580225561cdfac08a0373e99e2344ef8,Starbucks,{'open_now': True},"[{'height': 3024, 'html_attributions': ['<a href=""https://maps.google.com/maps/contrib/109829249877829831426/photos"">Martin Lucero</a>'], 'photo_reference': 'CmRaAAAAT7ZIri9VO9nWZTuWC8zbmuw9AGZwOFksTnEZum3EwpPbpoRMAJ4gYlmgcsAK4B3sAEG2hNpi0_mhiqQl1Db0SOqxSJt81YirGxTOUCw3EyItGYciTawE6R0f_qYqdlptEhDPLPGqw6fZEUhwwL3hTBTUGhSTv9aLyPeAhDMgFNzR4LVNjnLkSg', 'width': 4032}]",ChIJY3_MrfrHt4kRRMMjUOGyL_s,"{'compound_code': 'W2P2+6Q Washington, District of Columbia', 'global_code': '87C5W2P2+6Q'}",2,4.4,ChIJY3_MrfrHt4kRRMMjUOGyL_s,"['cafe', 'food', 'point_of_interest', 'store', 'establishment']",49,"620 Michigan Ave NE, Washington, DC 20064, USA",20064
"{'location': {'lat': 38.988515, 'lng': -76.988342}, 'viewport': {'northeast': {'lat': 38.98989532989272, 'lng': -76.98698917010728}, 'southwest': {'lat': 38.98719567010728, 'lng': -76.98968882989273}}}",https://maps.gstatic.com/mapfiles/place_api/icons/cafe-71.png,edd32a37b19d91c8aa173fa77bdf6e039b43fd99,Starbucks,{'open_now': True},"[{'height': 5312, 'html_attributions': ['<a href=""https://maps.google.com/maps/contrib/107722669390249927729/photos"">A Google User</a>'], 'photo_reference': 'CmRaAAAAJ2QSCt7QCCZISrNzlt87A0uDNTHZJLmsTha8LuQWsw0CgjZOA_lNJNQtpXCDoULhk5vZD33Ha2NsQVC7SqamyKw7Cl6KgjeugxZ3Toc4a3ZVy5oBEPINgJNjKLD-ebczEhDKqPZpHtSqmeGJrHWlYYryGhSpFdUcGcd4uEZUDD6yojDtdzp5Mw', 'width': 2988}]",ChIJy_PwWxPGt4kRDwqXrQAP6vo,"{'compound_code': 'X2Q6+CM Takoma Park, 13, MD', 'global_code': '87C5X2Q6+CM'}",2,3.6,ChIJy_PwWxPGt4kRDwqXrQAP6vo,"['cafe', 'food', 'point_of_interest', 'store', 'establishment']",96,"7690 New Hampshire Avenue Space #4, Takoma Park, MD 20912, United States",20912
"{'location': {'lat': 38.994057, 'lng': -77.032023}, 'viewport': {'northeast': {'lat': 38.99536552989272, 'lng': -77.03080092010727}, 'southwest': {'lat': 38.99266587010727, 'lng': -77.03350057989272}}}",https://maps.gstatic.com/mapfiles/place_api/icons/cafe-71.png,745906fde9c17c00e06095104915c1079b0dccd2,Starbucks,{'open_now': True},"[{'height': 606, 'html_attributions': ['<a href=""https://maps.google.com/maps/contrib/117459114915758480297/photos"">rebekah furr</a>'], 'photo_reference': 'CmRaAAAAnPQTJPsSBKDHbNhvAfZqsTp8LcYQ4HZJ3n8Am9IZBdgQegeVhq7nhwCzrqEjkuuNC8jppPm9FwnHGmztUxCxsBUhKEpFThXunDZzswLiuKAJwyFIO72a1Cz9QtYNWkMdEhCJ9O8lqAExIWXOrdW9GMKvGhQMAVAfNvK0OEzynSoViREK7eWnIw', 'width': 918}]",ChIJW8oYv7jIt4kRQDl1RVKtRYA,"{'compound_code': 'XXV9+J5 Silver Spring, 13, MD', 'global_code': '87C4XXV9+J5'}",2,4.1,ChIJW8oYv7jIt4kRQDl1RVKtRYA,"['cafe', 'food', 'point_of_interest', 'store', 'establishment']",203,"8399 Colesville Rd, Silver Spring, MD 20910, USA",20910
"{'location': {'lat': 38.996303, 'lng': -77.02629900000001}, 'viewport': {'northeast': {'lat': 38.99765287989272, 'lng': -77.02492212010728}, 'southwest': {'lat': 38.99495322010728, 'lng': -77.02762177989273}}}",https://maps.gstatic.com/mapfiles/place_api/icons/cafe-71.png,e66d35b425940a4adcc96a564c9cba0ea50f9f94,Starbucks,{'open_now': True},"[{'height': 4032, 'html_attributions': ['<a href=""https://maps.google.com/maps/contrib/111015683813675816087/photos"">Sandeep Josan</a>'], 'photo_reference': 'CmRaAAAAAlI7e3KZD7Jg_B4GvW5xnQv9-P7CERcv4VclmgxqwmqyCtUtjcy1kBguuj1N3d-Cn6hiaJ_bRy8QbBXC5X3BTBve-W8FbqxO2hmQGnpn4tcdNU62a-xppB9JhsFFs6Z1EhDzQig_rf4xRKaEO1taaCXmGhRgqh1Z_fcxe2HwR87eDI9WBup4sQ', 'width': 3024}]",ChIJi3ZTFbrIt4kR8dR4qYmYCBg,"{'compound_code': 'XXWF+GF Silver Spring, 13, MD', 'global_code': '87C4XXWF+GF'}",2,4,ChIJi3ZTFbrIt4kR8dR4qYmYCBg,"['cafe', 'food', 'point_of_interest', 'store', 'establishment']",286,"915 Ellsworth Dr C-19, Silver Spring, MD 20910, USA",20910
"{'location': {'lat': 38.991841, 'lng': -77.031712}, 'viewport': {'northeast': {'lat': 38.99316027989273, 'lng': -77.03041627010728}, 'southwest': {'lat': 38.99046062010728, 'lng': -77.03311592989272}}}",https://maps.gstatic.com/mapfiles/place_api/icons/cafe-71.png,e85e39514257ce5a016e91bf95d5d2731533bb17,Starbucks,{'open_now': True},,ChIJL8lT5b7It4kRsNzODxpAY9g,"{'compound_code': 'XXR9+P8 Silver Spring, 13, MD', 'global_code': '87C4XXR9+P8'}",2,3,ChIJL8lT5b7It4kRsNzODxpAY9g,"['cafe', 'food', 'point_of_interest', 'store', 'establishment']",26,"1280 E W Hwy, Silver Spring, MD 20910, USA",20910
"{'location': {'lat': 38.9986082, 'lng': -77.0305559}, 'viewport': {'northeast': {'lat': 38.99990467989272, 'lng': -77.02928672010727}, 'southwest': {'lat': 38.99720502010727, 'lng': -77.03198637989271}}}",https://maps.gstatic.com/mapfiles/place_api/icons/cafe-71.png,a90e21a1ede6f69db4e963b2f206da90ccbad8d5,Starbucks,{'open_now': True},"[{'height': 5120, 'html_attributions': ['<a href=""https://maps.google.com/maps/contrib/111400568815633811172/photos"">Einstein Jose</a>'], 'photo_reference': 'CmRaAAAAttwmjBnNPY1xvnuKj0d48l_Ab84Ao6UqMbPmgnCpqHvp07yyMVBCszlzxx10F0G3ZM7RiWzM7tpsB9OPI04_TsaIYDRKIc-YLZjPXLDUiIXG3KgBNA5sO9rlnKUlTEjCEhCDNIbf8-uKXuXhiLkCHNYSGhQWvum1gsIoh4a3CkF7mdrHh_ftfg', 'width': 3840}]",ChIJF3DTgrfIt4kRZOZxXTSETwI,"{'compound_code': 'XXX9+CQ Silver Spring, 13, MD', 'global_code': '87C4XXX9+CQ'}",2,3.8,ChIJF3DTgrfIt4kRZOZxXTSETwI,"['cafe', 'food', 'point_of_interest', 'store', 'establishment']",58,"8777 Georgia Ave, Silver Spring, MD 20910, USA",20910
"{'location': {'lat': 38.962537, 'lng': -77.08695}, 'viewport': {'northeast': {'lat': 38.96393187989272, 'lng': -77.08546842010729}, 'southwest': {'lat': 38.96123222010728, 'lng': -77.08816807989272}}}",https://maps.gstatic.com/mapfiles/place_api/icons/cafe-71.png,c02872883d60c61a48af27cb16ee7e17d25afcfe,Starbucks,{'open_now': True},"[{'height': 3403, 'html_attributions': ['<a href=""https://maps.google.com/maps/contrib/114520056209934010792/photos"">lisa calkins</a>'], 'photo_reference': 'CmRaAAAA73u0Q0UE01PHvsl9QB_l3_BaO7dKM5UEAg7_YA1S_k54TyOnxO2q2K2Aa4yehmTC2-lfk3nuWwi45DKxmOIdHeELSIKhQhG5H9sMObk4rMor7wH-Fzdy1yTSKuASBsi1EhAaDCB4NObexw2GJy8BaOQcGhTFNTJ8DLSVgsLRw-e_7d9mzJPmQw', 'width': 3024}]",ChIJOcgGl5DJt4kRfoPCFzzEhfM,"{'compound_code': 'XW77+26 Chevy Chase, 7, MD', 'global_code': '87C4XW77+26'}",2,4.2,ChIJOcgGl5DJt4kRfoPCFzzEhfM,"['cafe', 'food', 'point_of_interest', 'store', 'establishment']",202,"5454 Wisconsin Ave, Chevy Chase, MD 20815, USA",20815
"{'location': {'lat': 38.926726, 'lng': -77.10282}, 'viewport': {'northeast': {'lat': 38.92804407989272, 'lng': -77.10152052010727}, 'southwest': {'lat': 38.92534442010727, 'lng': -77.10422017989272}}}",https://maps.gstatic.com/mapfiles/place_api/icons/cafe-71.png,d50085bafe5240d2c99b404d014a0b99d2f6e5df,Starbucks,{'open_now': True},"[{'height': 289, 'html_attributions': ['<a href=""https://maps.google.com/maps/contrib/112936684673957864309/photos"">Starbucks</a>'], 'photo_reference': 'CmRaAAAA2Fex9bDIRm8HRb61Kd2p0qQi5TNdhhu1LKP9hSJmohxNzopyRc8aLyxYUbHIltcKZXHykN_Yhnc4w3IFQPgJ10S7WzFWZyNfidumohWI2qHhfxy1iKKQXxStJJ2pWu3nEhDGEpRqU80NXqquXvoFhAKwGhSdPDf6y49SKngUODkPC7gqGxE1Rw', 'width': 512}]",ChIJY_GYgf21t4kRrvL4Gkwb9S8,"{'compound_code': 'WVGW+MV Washington, District of Columbia', 'global_code': '87C4WVGW+MV'}",2,4,ChIJY_GYgf21t4kRrvL4Gkwb9S8,"['cafe', 'food', 'point_of_interest', 'store', 'establishment']",86,"5185 MacArthur Blvd Ste 104, Washington, DC 20016, USA",20016
"{'location': {'lat': 38.933566, 'lng': -77.085625}, 'viewport': {'northeast': {'lat': 38.93487567989273, 'lng': -77.08438497010728}, 'southwest': {'lat': 38.93217602010728, 'lng': -77.08708462989271}}}",https://maps.gstatic.com/mapfiles/place_api/icons/cafe-71.png,90099e0bc6d5c0fd2e321296a5522159416d320a,Starbucks,{'open_now': True},"[{'height': 794, 'html_attributions': ['<a href=""https://maps.google.com/maps/contrib/107296716317010009719/photos"">Starbucks</a>'], 'photo_reference': 'CmRaAAAAtqsmN8mv5_TyWfgfq8lpqqNgmk9DkdrpaKwAyFviGtjulD1I8rbiPMrUqPvoRDMwxe46VUJ925SItB3ziErdIqhrK03NqL77oaRICZ5Wd8IBhG62wQlRJR2eTogMq4jvEhCk9C4VrPAe_lIZux6zGVgMGhQpMbmdaZ_DeaStEzt_Ez-PokHqZQ', 'width': 1415}]",ChIJByzEGOLJt4kRL6PwY-jUcBQ,"{'compound_code': 'WWM7+CQ Washington, District of Columbia', 'global_code': '87C4WWM7+CQ'}",2,4.2,ChIJByzEGOLJt4kRL6PwY-jUcBQ,"['cafe', 'food', 'point_of_interest', 'store', 'establishment']",39,"3301 New Mexico Ave NW, Washington, DC 20016, USA",20016
"{'location': {'lat': 38.9370805, 'lng': -77.0891827}, 'viewport': {'northeast': {'lat': 38.93845927989272, 'lng': -77.08789522010727}, 'southwest': {'lat': 38.93575962010728, 'lng': -77.09059487989272}}}",https://maps.gstatic.com/mapfiles/place_api/icons/cafe-71.png,e62405af020260f41e130ddee09d93015eb7752d,Starbucks,{'open_now': True},"[{'height': 3036, 'html_attributions': ['<a href=""https://maps.google.com/maps/contrib/106395850838841442322/photos"">Adam Christensen</a>'], 'photo_reference': 'CmRaAAAAm7xYQOb_QAxXB--NDniEIbjEoi87o6unb2y0aRUR13ZGIvAqD5M237j2uU5c9npcviwHsgyKLUhDxBs0XMolnCN9v_2tZDvrBWS0Q-mmrNZXwqQGTnUvvPFtDs3pOezjEhCi5aF7RrQOpK2fj856StHtGhRjKWOBEge39JJMP0Kwjhzg0d3Nqw', 'width': 4048}]",ChIJZT8wb-PJt4kRkRmFHJkFQIU,"{'compound_code': 'WWP6+R8 Washington, District of Columbia', 'global_code': '87C4WWP6+R8'}",2,2.9,ChIJZT8wb-PJt4kRkRmFHJkFQIU,"['cafe', 'food', 'point_of_interest', 'establishment']",50,"4400 Massachusetts Ave NW, Washington, DC 20016, USA",20016
"{'location': {'lat': 38.944675, 'lng': -77.095607}, 'viewport': {'northeast': {'lat': 38.94605197989272, 'lng': -77.09422307010728}, 'southwest': {'lat': 38.94335232010727, 'lng': -77.09692272989273}}}",https://maps.gstatic.com/mapfiles/place_api/icons/cafe-71.png,1034bf1ae3af4b9a15922ac3b81074880490987f,Starbucks,{'open_now': True},"[{'height': 4160, 'html_attributions': ['<a href=""https://maps.google.com/maps/contrib/109875524274001645178/photos"">Carolina Seewald</a>'], 'photo_reference': 'CmRaAAAAGfClhgSj1p1mXcAGXtE7fkVBMW_sonHUfXS-2mkoQWAXlWddh4CHjeZLpNHEJuJON6f-sdQsPCsLrvk0kDNm9G1yNLbqlhX4Bb_SuPs3ZHGxlSWIwGwfXD3igZh_o9Q7EhBaMCZJRWe6flQnu3eHqudcGhTLOzMnLfPt6MyHk_s85h-RV-XRIA', 'width': 2340}]",ChIJr1J1vPDJt4kR7PI2kiJxF-8,"{'compound_code': 'WWV3+VQ Washington, District of Columbia', 'global_code': '87C4WWV3+VQ'}",2,4.3,ChIJr1J1vPDJt4kR7PI2kiJxF-8,"['cafe', 'food', 'point_of_interest', 'store', 'establishment']",85,"4820 Massachusetts Ave NW, Washington, DC 20016, USA",20016
"{'location': {'lat': 38.934367, 'lng': -77.07295200000002}, 'viewport': {'northeast': {'lat': 38.93574067989272, 'lng': -77.07136102010729}, 'southwest': {'lat': 38.93304102010728, 'lng': -77.07406067989274}}}",https://maps.gstatic.com/mapfiles/place_api/icons/cafe-71.png,e66f3698f645bfda5b483be16370ff2a6dfb1eac,Starbucks,{'open_now': True},"[{'height': 4056, 'html_attributions': ['<a href=""https://maps.google.com/maps/contrib/116144042944846032471/photos"">Marian Kopecky</a>'], 'photo_reference': 'CmRaAAAAlYgGXAgF_fjY9xaMTUO2bDisWyB7S1cz15-YBgTt41DIhG4LWxUvL1StSalD91KAt-X0jYhEotEuQd2DZYNi-ExulmOp9_KbjTSto7NllpqDQPvtEmNUh-52TantmbFfEhCLegIIIu1QQhy4Fv9GCP27GhRvC50_H4GP-SYmjZOTy96h4mPWyA', 'width': 2704}]",ChIJNbdnOtnJt4kRrBJ645OBTsI,"{'compound_code': 'WWMG+PR Washington, District of Columbia', 'global_code': '87C4WWMG+PR'}",2,3.5,ChIJNbdnOtnJt4kRrBJ645OBTsI,"['cafe', 'food', 'point_of_interest', 'establishment']",11,"3336 Wisconsin Ave NW, Washington, DC 20016, USA",20016
"{'location': {'lat': 38.859013, 'lng': -76.966746}, 'viewport': {'northeast': {'lat': 38.86041302989272, 'lng': -76.96546762010729}, 'southwest': {'lat': 38.85771337010728, 'lng': -76.96816727989273}}}",https://maps.gstatic.com/mapfiles/place_api/icons/cafe-71.png,875b140d3abbac8ab28d20693170ee6dc6042367,Starbucks,{'open_now': True},"[{'height': 3024, 'html_attributions': ['<a href=""https://maps.google.com/maps/contrib/101810068829626301924/photos"">Austin Graff</a>'], 'photo_reference': 'CmRaAAAAr0MxZhHagRmsKlRaWKEHuA7OoLUle5Yjx_5QEXqZQYU2pAX8bRdXfvSvnGkAApPxpAOzitFkRiS1UrYrJ2JDuJiwa51Kgkqsn_pXw0vPrSJ2b3YWukju0r9qkUIdAfTlEhBPSPpCl7Qt9dwNPkeK8OA7GhSWg8klo9rEJLHx7QADWoBe76E-dQ', 'width': 4032}]",ChIJky4gTKC5t4kRK1hX7DHVbek,"{'compound_code': 'V25M+J8 Washington, District of Columbia', 'global_code': '87C5V25M+J8'}",2,2.9,ChIJky4gTKC5t4kRK1hX7DHVbek,"['cafe', 'food', 'point_of_interest', 'store', 'establishment']",32,"2845 Alabama Ave SE, Washington, DC 20020, USA",20020
"{'location': {'lat': 38.84903, 'lng': -76.88658}, 'viewport': {'northeast': {'lat': 38.85008452989272, 'lng': -76.88522157010728}, 'southwest': {'lat': 38.84738487010728, 'lng': -76.88792122989271}}}",https://maps.gstatic.com/mapfiles/place_api/icons/cafe-71.png,c7fdc39f61b8f25e296125bb136d3b6d14a448cb,Starbucks,{'open_now': True},,ChIJyZho2Oy-t4kREATOJDOGB8M,"{'compound_code': 'R4X7+J9 Forestville, 6, Spauldings, MD', 'global_code': '87C5R4X7+J9'}",2,4,ChIJyZho2Oy-t4kREATOJDOGB8M,"['cafe', 'food', 'point_of_interest', 'store', 'establishment']",32,"3101 Donnell Dr, Forestville, MD 20747, USA",20747
"{'location': {'lat': 38.8837965, 'lng': -77.0245376}, 'viewport': {'northeast': {'lat': 38.88514687989272, 'lng': -77.02322192010728}, 'southwest': {'lat': 38.88244722010727, 'lng': -77.02592157989272}}}",https://maps.gstatic.com/mapfiles/place_api/icons/cafe-71.png,973b86e9e50d9da6620b76fef53f4e908fda59cb,Starbucks,{'open_now': True},"[{'height': 3840, 'html_attributions': ['<a href=""https://maps.google.com/maps/contrib/102176734965665739873/photos"">A Google User</a>'], 'photo_reference': 'CmRaAAAAnhUHFCKS0cVvpssFdci5EWDMzz1-dv-NZjqH0lBg5S8Gzv0pAecIXQpBRDn5TYD8bbL76mOjXhma_Da6Tk7MlnlgMRsljEZOQT14CeXB1PKFErbndF2tPEtg2lqJwpYcEhDmK30zAO3WGRvp8ui8iaP1GhT7uUSq4gC6MK7scZU03lntDfP5nQ', 'width': 5760}]",ChIJ-yOCOhK3t4kRqludaIRpZjY,"{'compound_code': 'VXMG+G5 Washington, District of Columbia', 'global_code': '87C4VXMG+G5'}",,2,ChIJ-yOCOhK3t4kRqludaIRpZjY,"['cafe', 'food', 'point_of_interest', 'store', 'establishment']",1,"480 L'Enfant Plaza SW, Washington, DC 20024, USA",20024
"{'location': {'lat': 38.8435088, 'lng': -77.017923}, 'viewport': {'northeast': {'lat': 38.84480297989271, 'lng': -77.01659132010728}, 'southwest': {'lat': 38.84210332010727, 'lng': -77.01929097989273}}}",https://maps.gstatic.com/mapfiles/place_api/icons/cafe-71.png,8743034dd62b949543599cb63005f0cd9d5b8ac7,Starbucks,{'open_now': True},"[{'height': 1080, 'html_attributions': ['<a href=""https://maps.google.com/maps/contrib/105815839523020670568/photos"">Todd Wolf</a>'], 'photo_reference': 'CmRaAAAAZ68D3ryESYTmxu59C3IVDVVf7-4h5YrvK0d9dbCCkfo4Qw-wbzo8_DDBhOvfzMQlg6x5Po9-nORebhOY69Popcr-XSZmw6_IzemLC5kCDGireoIWHrs52v_fV9QoFt1xEhBXC2V9eF5vUgo0JOjWubV2GhTIGs9iHn_d5kozou1zRtlz8cBtIw', 'width': 1920}]",ChIJZ8SPZ66wt4kR7Q2FxvOE2SI,"{'compound_code': 'RXVJ+CR Washington, District of Columbia', 'global_code': '87C4RXVJ+CR'}",2,4.1,ChIJZ8SPZ66wt4kR7Q2FxvOE2SI,"['cafe', 'food', 'point_of_interest', 'store', 'establishment']",81,"185 Chappie James Blvd, Washington, DC 20032, USA",20032
