,OBJECTID,GIS_ID,NAME,ALPHA_CODE,PARK_CODE,LOCATION,AQUIRED,TRANS_DC,SOURCE,RESERVE,LABEL,Shape_Length,Shape_Area,SQUARE,SUFFIX,LOT,SSL,PAR,Zip Code
0,1,Nps_060,Fort Circle Park,ROCR,832.0,"Fort Reno Park To Rock Creek Park , NW",6,,NPS,515,Fort Circle Park,3450.23047492012,114066.748272879,MULTI-SQUARES,,0.0,RES 05150000,,20015
1,2,Nps_087,Fort Circle Park,ROCR,832.0,"Fort Totten Park To Barnard Hill, NE","6, 8",,NPS,451,Fort Circle Park,856.7125772766051,19801.020922891497,0000,,0.0,RES 04510000,,20011
2,3,Nps_081,Fort Circle Park,ROCR,832.0,"Fort Totten Park To Barnard Hill, NE","6, 8",,NPS,451,Fort Circle Park,952.759982412839,6071.46956271813,0000,,0.0,RES 04510000,,20011
3,4,Nps_061,Fort Circle Park,ROCR,832.0,"Fort Totten Park To Barnard Hill, NE","6, 8",,NPS,451,Fort Circle Park,1154.49307427285,39763.5878830868,0000,,0.0,RES 04510000,,20011
4,5,Nps_543,Fort Circle Park,ROCR,832.0,"Fort Totten Park To Barnard Hill, NE","6, 8",,NPS,451,Fort Circle Park,2600.06314286191,73493.17116267,0000,,0.0,RES 04510000,,20011
5,6,Nps_058,Fort Circle Park,ROCR,832.0,"Fort Totten Park To Barnard Hill, NE","6, 8",,NPS,451,Fort Circle Park,1455.08664614403,60630.0523660797,0000,,0.0,RES 04510000,,20011
6,7,Nps_504,Fort Circle Park,ROCR,832.0,"Fort Totten Park To Barnard Hill, NE","6, 8",,NPS,451,Fort Circle Park,1262.75403561992,67317.6997410161,0000,,0.0,RES 04510000,,20011
7,8,Nps_094,Fort Circle Park,ROCR,832.0,"American University Park To Fort Reno Park, NW","6, 8",,NPS,542,Fort Circle Park,558.380428108974,3268.65612012796,"1599,1768,1772,1778,1779",,0.0,RES 05420000,,
8,9,Nps_074,Fort Circle Park,ROCR,832.0,"American University Park To Fort Reno Park, NW","6, 8",,NPS,542,Fort Circle Park,470.144077604621,2912.4428476589396,"1599,1768,1772,1778,1779",,0.0,RES 05420000,,
9,10,Nps_070,Fort Circle Park,ROCR,832.0,"American University Park To Fort Reno Park, NW","6, 8",,NPS,542,Fort Circle Park,261.082201617073,1512.7755469831,"1599,1768,1772,1778,1779",,0.0,RES 05420000,,
10,11,Nps_181,Archbold Parkway,ROCR,836.0,Macarthur Boulevard & 44th St. NW,"5, 6, 7, 8, 9",,NPS,450,Archbold Parkway,1945.8406728139603,126397.995214877,,,,RES 04500000,,20007
11,12,Nps_156,Archbold Parkway,ROCR,836.0,"West Side Glover Archbold Parkway, Between U st. & Reservoir","6, 7, 8, 10",,NPS,450A,Archbold Parkway,1466.0317269391599,70611.2477429538,,,,RES 0450A000,,
12,13,Nps_157,Archbold Parkway,ROCR,836.0,"East Side Glover Archbold Parkway, Between U st. & Reservoir Rd.","7, 8, 10",,NPS,450B,Archbold Parkway,1467.98205856641,73617.1270836638,,,,RES 0450B000,,
13,14,Nps_064,Fort Circle Park,ROCR,832.0,"American University Park To Fort Reno Park, NW","6, 8",,NPS,542,Fort Circle Park,665.7889372171151,6080.93135378706,"1599,1768,1772,1778,1779",,0.0,RES 05420000,,
14,15,Nps_092,Rock Creek Park & Piney Branch Parkway,ROCR,821.0,"Klingle Rd. To DC Line, West Of 16th St., NW","5,6,7,8",,NPS,339,Rock Creek Park & Piney Branch Parkway,884.255928847576,35501.3292629617,0000,,0.0,RES 03390000,,20012
15,16,Nps_113,Fort Circle Park,ROCR,832.0,"Barnard Hill To Ft. Lincoln, NE",6,,NPS,520,Fort Circle Park,666.014246968439,15766.836068460501,4303,,0.0,RES 05200000,,
16,17,Nps_123,Fort Circle Park,ROCR,832.0,"Barnard Hill To Ft. Lincoln, NE",6,,NPS,520,Fort Circle Park,557.739828570966,10131.701152248901,4303,,0.0,RES 05200000,,
17,18,Nps_098,Fort Circle Park,ROCR,832.0,"Barnard Hill To Ft. Lincoln, NE",6,,NPS,520,Fort Circle Park,256.38280804263803,2648.32876010735,4303,,0.0,RES 05200000,,
18,19,Nps_112,Fort Circle Park,ROCR,832.0,"Barnard Hill To Ft. Lincoln, NE",6,,NPS,520,Fort Circle Park,176.79394514325801,1757.54651484,4303,,0.0,RES 05200000,,
19,20,Nps_102,Fort Circle Park,ROCR,832.0,"Barnard Hill To Ft. Lincoln, NE",6,,NPS,520,Fort Circle Park,169.167718872655,1726.1668464834802,4303,,0.0,RES 05200000,,
20,21,Nps_106,Fort Circle Park,ROCR,832.0,"Barnard Hill To Ft. Lincoln, NE",6,,NPS,520,Fort Circle Park,156.250947990257,1357.23759497567,4303,,0.0,RES 05200000,,
21,22,Nps_101,Fort Circle Park,ROCR,832.0,"Barnard Hill To Ft. Lincoln, NE",6,,NPS,520,Fort Circle Park,145.307941565462,1268.23842171872,4303,,0.0,RES 05200000,,
22,23,Nps_104,Fort Circle Park,ROCR,832.0,"Barnard Hill To Ft. Lincoln, NE",6,,NPS,520,Fort Circle Park,208.590041644716,1132.40499025891,4303,,0.0,RES 05200000,,
23,24,Nps_111,Fort Circle Park,ROCR,832.0,"Barnard Hill To Ft. Lincoln, NE",6,,NPS,520,Fort Circle Park,114.518839661288,562.525695527692,4303,,0.0,RES 05200000,,
24,25,Nps_099,Fort Circle Park,ROCR,832.0,"Barnard Hill To Ft. Lincoln, NE",6,,NPS,520,Fort Circle Park,85.3436377604593,371.610408578095,4303,,0.0,RES 05200000,,
25,26,Nps_284,Thompson's Boat House,CHOH,844.0,End Of Rock Creek and Potomac Parkway To Potomac River, ,,NPS,360,Thompson's Boat House,523.52828587713,8634.29790228307,0000,,0.0,RES 04040000,,20008
26,27,Nps_263,Chesapeake & Ohio Canal National Historical Park,CHOH,412.0,From Rock Creek and Potomac Parkway Along Potomac River To DC Line,4,,NPS,404,Chesapeake & Ohio Canal National Historical Park,1670.0515779022699,32168.992896228,0000,,0.0,RES 04040000,,20008
27,28,Nps_260,Chesapeake & Ohio Canal National Historical Park,CHOH,412.0,From Rock Creek and Potomac Parkway Along Potomac River To DC Line,4,,NPS,404,,164.731328223622,1634.22905253142,0000,,0.0,RES 04040000,,20008
28,29,Nps_256,Chesapeake & Ohio Canal National Historical Park,CHOH,412.0,From Rock Creek and Potomac Parkway Along Potomac River To DC Line,4,,NPS,404,,197.054078550314,1803.2990653820002,0000,,0.0,RES 04040000,,20008
29,30,Nps_231,Triangle,NACC,876.0,"New York Ave., Between 1st & M Sts., NW",1,,NPS,181,,211.535581390727,1911.10990187483,0000,,0.0,RES 01810000,,20001
30,31,Nps_239,Triangle,NACC,876.0,"New York Ave., Between 1st & M Sts., NW",1,,NPS,181,,48.221302243047,62.4792550801147,0000,,0.0,RES 01810000,,20001
31,32,Nps_222,Triangle,NACC,876.0,"New York Ave. & N St., West Of North Capitol St. NW",1,,NPS,182,,37.049534294840996,47.113043508123795,0000,,0.0,RES 01820000,,20001
32,33,Nps_224,Triangle,NACC,876.0,"New York Ave. & N St., West Of North Capitol St. NW",1,,NPS,182,,21.7284806239122,31.865017688894,0000,,0.0,RES 01820000,,20001
33,34,Nps_219,Triangle,NACC,876.0,"New York Ave., Between North Capitol St. & N st.,",1,,NPS,183,,28.5603820314363,34.936604087515605,0000,,0.0,RES 01830000,,20002
34,35,Nps_216,Triangle,NACC,876.0,"New York Ave., Between North Capitol St. & N St.,",1,,NPS,183,,25.4037837727147,43.252393306682904,0000,,0.0,RES 01830000,,20002
35,36,Nps_199,Potomac Palisades Parkway,ROCR,847.0,"Key Bridge To DC Line, NW","5, 6, 7, 8, 9",,NPS,404,,438.115961014869,10399.6983050214,1361,,805.0,1361    0805,,
36,37,Nps_169,Triangle,NACC,876.0,"Vermont Ave., Between 10th & T Sts., NW",1,,NPS,169,,44.247855056721,109.21548988244301,0000,,0.0,RES 01690000,,20001
37,38,Nps_168,Triangle,NACC,876.0,"Vermont Ave., Between 10th & T Sts., NW",1,,NPS,169,,65.7927519623343,176.65705417027002,0000,,0.0,RES 01690000,,20001
38,39,Nps_162,Triangle,NACC,876.0,"Vermont Ave., Between 10th & U Sts., NW",1,,NPS,170,,139.26902371148898,1146.4553588994302,0000,,0.0,RES 01700000,,20001
39,40,Nps_164,Triangle,NACC,876.0,"Vermont Ave., Between 10th & U Sts., NW",1,,NPS,170,,94.74025826402278,320.982423791662,0000,,0.0,RES 01700000,,20001
40,41,Nps_150,Center Parking,ROCR,878.0,"Connecticut Ave. & Belmont Rd., NW",8,,NPS,303A &,,121.020213269804,882.660245159256,0000,,0.0,RES 303A0000,,20009
41,42,Nps_146,Potomac Palisades Parkway,ROCR,847.0,"Key Bridge To DC Line, NW","5, 6, 7, 8, 9",,NPS,404,,638.670226019083,11644.953346823,1388,E,805.0,1388E   0805,,
42,43,Nps_144,Normanstone Parkway,ROCR,857.0,"Massachusetts Ave., Between Garfield & Normanstone Dr., NW","6, 8",,NPS,514,Normanstone Parkway,627.475034121544,6568.240723406961,0000,,0.0,RES 05140000,,20005
43,44,Nps_139,"6, 8",ROCR,857.0,"Massachusetts Ave., Between Garfield & Normanstone Dr., NW","6, 8",,NPS,514,,2253.82401900112,99458.2018007825,,,,RES 05140000,,20005
44,45,Nps_539, , ,0.0, , ,,NPS, ,,1258.30308153977,58581.1452111801,0000,,0.0,RES 04210000,,
45,46,Nps_134,Glover Parkway & Children's Playground,ROCR,836.0,"44th & U Sts., NW","6, 7, 8, 10",,NPS,351,Glover Parkway & Children's Playground,2769.8785034607,247811.17361128397,,,,RES 03510000,,20007
46,47,Nps_136,Glover Parkway & Children's Playground,ROCR,836.0,"42nd & U Sts., NW","6, 7, 8, 10",,NPS,351A,Glover Parkway & Children's Playground,2417.4351321205,128838.715907113,,,,RES 0351A000,,98671
47,48,Nps_037,Fort Circle Park,ROCR,832.0,"Fort Stevens Park To Fort Slocum Park, NW","6, 8",,NPS,494,Fort Circle Park,84.9861830473818,274.802863786238,MULTI-SQUARES & PARCELS,,0.0,RES 04940000,,
48,49,Nps_383,Fort Chaplin Park,NACE,881.0,"South Of East Capitol St., Between Chaplin St. & T St.",6,,NPS,609,Fort Chaplin Park,1528.7793247418301,118023.521426009,"5404,5406",,0.0,RES 06090000,,20003
49,50,Nps_407,Fort Circle Park,NACE,832.0,"Fort Mahan Park To Fort Dupont Park, SE",6,,NPS,500,Fort Circle Park,137.974440896084,866.89102320178,5397,,800.0,5397    0800,,20019
50,51,Nps_367,Triangle,NACE,893.0,"42nd & Blaine St., NE",10,,NPS,718A,,117.630502130972,536.684690537904,5086,,0.0,RES 718A0000,,20019
51,52,Nps_370,Triangle,NACE,893.0,"Benning Rd. & Blaine St., NE", 10,,NPS,718,,75.2976275225156,210.91710184059,5086,,0.0,RES 07180000,,20019
52,53,Nps_472,Fort Circle Park,NACE,832.0,"Fort Dupont To Fort Stanton Park, SE","6, 8",,NPS,518,Fort Circle Park,2839.89436289753,198717.834059492,0000,,0.0,RES 404M0000,,
53,54,Nps_466,Triangle,NACE,892.0,"Pennsylvania Ave., Between O & 28th Sts., SE",8,,NPS,336A,,225.32760854727798,1873.43172406263,5551,,0.0,RES 336A0000,,20020
54,55,Nps_476,Triangle,NACE,878.0,"Water St., Between Half & T Sts., SW",1,,NPS,296,,194.549791433195,1145.06392779765,0000,,0.0,RES 02960000,,20024
55,56,Nps_449,Triangle,NACE,875.0,"Virgina Ave., Between West Side Of 7th & K sts., SE",1,,NPS,124,,219.747107099164,988.7165457570098,0000,,0.0,RES 01240000,,20003
56,57,Nps_438,Triangle,NACE,875.0,"Virginia Ave., & I St. To 4th & 5th Sts., SE",1,,NPS,122,,92.2091499066421,487.845578696976,0000,,0.0,RES 01220000,,20003
57,58,Nps_416,Marion Park,NACE,823.0,"E st., Between 4th & 6th Sts., SE",1,,NPS,018,Marion Park,406.77801575511705,6167.901899712911,0821,S,0.0,RES 00180000,,20032
58,59,Nps_110,Glover Parkway & Children's Playground,ROCR,836.0,"Massachusetts & Cathedral Aves., NW","6, 7",,NPS,351I,Glover Parkway & Children's Playground,1321.6888230531301,41403.5050548278,,,,RES 0351I000,,20016
59,60,Nps_380, , ,0.0, , ,,NPS,DELETE,,813.3909306390719,46951.167462673606,1128,,804.0,1128    0804,,
60,61,Nps_308,Fort Mahan Park,NACE,885.0,"Benning Rd., Between 42nd & Grant Sts., NE","5, 6",,NPS,475,Fort Mahan Park,1833.1762866897102,143443.11225927802,"5078,5079,5080,5081,5082,5087",,0.0,RES 04750000,,20019
61,62,Nps_243,Triangle,NACE,893.0,"M St. & Maryland Ave., NE",6,,NPS,695,,213.45838104702,1754.23612675175,4465,,0.0,RES 06950000,,20002
62,63,Nps_312,Triangle,NACE,877.0,"Maryland Ave., & F st. East Of 12th St.,, NE",1,,NPS,211,,84.5427222354131,279.344468673019,0000,,0.0,RES 02110000,,20002
63,64,Nps_317,Triangle,NACE,877.0,"Maryland Ave., Between 11th & F Sts., NE",1,,NPS,210,,136.283666116134,714.8413941724741,0000,,0.0,RES 02100000,,20002
64,65,Nps_114,Glover Parkway & Children's Playground,ROCR,836.0,"Massachusetts Ave., NW","7, 10",,NPS,351H,Glover Parkway & Children's Playground,799.1540116293841,22868.0189315216,,,,RES 0351H000,,20008
65,66,Nps_089,Glover Parkway & Children's Playground,ROCR,836.0,"North Of Massachusetts Ave., NW","6, 7",,NPS,351J,Glover Parkway & Children's Playground,2660.8702665208302,90882.63759059561,,,,RES 0351J000,,20008
66,67,Nps_086,Glover Parkway & Children's Playground,ROCR,836.0,"North Of Massachusetts Ave., West Of 39th St., NW","6, 7, 10",,NPS,351K,Glover Parkway & Children's Playground,2904.73070551151,68132.1841610719,,,,RES 0351K000,,20019
67,68,Nps_264,Triangle,NACE,878.0,"Florida Ave., Between 9th & West Virginia Ave. , NE",1,,NPS,281,,70.5801121765057,175.568288641031,0000,,0.0,RES 02810000,,20002
68,69,Nps_237,Triangle,NACE,878.0,"Florida Ave., Between M & East Of 6th Sts., NE",1,,NPS,280,,34.6873375908658,49.0473104386991,0280,,0.0,RES 02800000,,20002
69,70,Nps_323,Triangle,NACE,877.0,"Maryland Ave., Between 10th & E Sts., NE",1,,NPS,209,,97.42757974747241,292.838691363666,0000,,0.0,RES 02090000,,20002
70,71,Nps_326,Triangle,NACE,877.0,"Maryland Ave., Between 9th & E Sts., NE",1,,NPS,208,,71.22518732295059,231.17699249860001,0000,,0.0,RES 02080000,,20002
71,72,Nps_333,Triangle,NACE,877.0,"Maryland Ave., Between 7th & D Sts., NE",1,,NPS,207,,70.6508817642056,195.76221603974997,0000,,0.0,RES 02070000,,20002
72,73,Nps_336,Triangle,NACE,877.0,"Maryland Ave. & D st., East Of 9th St., NE",1,,NPS,206,,96.2850493474452,369.399193693972,0000,,0.0,RES 02060000,,20024
73,74,Nps_381,Lincoln Park,NACE,810.0,"East Capitol St., Between 11th &13th Sts., NE & SE",1,,NPS,014,Lincoln Park,719.360572061917,28136.8708877234,0988,,0.0,RES 00140000,,20003
74,75,Nps_342,Stanton Park,NACE,820.0,"C St., Between 4th & 6th Sts., NE",1,,NPS,015,Stanton Park,493.05437738434995,15806.310395061,0813,S,0.0,RES 00150000,,20032
75,76,Nps_338,Triangle,NACC,875.0,"Massachusetts Ave., Between 3rd & D Sts., NE",1,,NPS,083,,91.60219933487221,382.516867035459,0000,,0.0,RES 00830000,,20002
76,77,Nps_335,Triangle,NACC,875.0,"Massachusetts Ave., Between 2nd & D Sts., NE",1,,NPS,082,,104.967407307656,410.707750010702,0000,,0.0,RES 00820000,,20002
77,78,Nps_398,Triangle,NACE,840.0,"North Carolina & Pennsylvania Ave. To 5th & C Sts, SE",1,,NPS,042,,160.01480576201402,1225.97474654821,0843,S,0.0,RES 00430000,,20003
78,79,Nps_400,Triangle,NACE,840.0,"North Carolina Ave., Between 5th & C Sts., SE",1,,NPS,039,,160.365949767077,1232.13372614282,0819,S,0.0,RES 00380000,,20002
79,80,Nps_406,Folger Park,NACE,822.0,"D St., Between 2nd & 3rd Sts., SE",1,,NPS,016,Folger Park,363.626968093111,7867.4736148134,0763,S,0.0,RES 00160000,,20011
80,81,Nps_394,Center Parking,NACE,840.0,"Pennsylvania Ave., Between 3rd & 4th Sts.SE",8,,NPS,037B,,269.486062771519,1577.1697412437697,0790,,0.0,RES 037B0000,,20003
81,82,Nps_397,Center Parking,NACE,840.0,"Pennsylvania Ave., Between North Carolina Ave. & 4th St, SE",8,,NPS,038A,,182.060742313275,1016.2409592272801,0819,S,0.0,RES 038A0000,,20003
82,83,Nps_401,Center Parking,NACE,840.0,"Pennsylvania Ave., Between North Carolina Ave. & 6th St., SE",8,,NPS,041A,,182.367104857844,1002.44658315613,0843,S,0.0,RES 041A0000,,20003
83,84,Nps_403,Center Parking,NACE,840.0,"Pennsylvania Ave, Between 6th & 7th sts., SE",8,,NPS,041B,,435.809145205149,2579.79511335382,0874,,0.0,RES 041B0000,,20024
84,85,Nps_408,Center Parking,NACE,840.0,"Pennsylvania  Ave., Between 7th & 8th sts., SE",1,,NPS,044A,,218.861974955998,1271.83725957825,0901,S,0.0,RES 044A0000,,20032
85,86,Nps_411,Center Parking,NACE,840.0,"Pennsylvania Ave., Between 8th & 9th Sts.SE",8,,NPS,047A,,222.744604586365,1254.66909154879,0924,S,0.0,RES 047A0000,,20017
86,87,Nps_413,Center Parking,NACE,840.0,"Pennsylvania Ave., Between 9th & 10th Sts.SE",8,,NPS,047B,,211.67636782307,1159.05763362215,0948,,0.0,RES 047B0000,,98372
87,88,Nps_415,Center Parking,NACE,840.0,"Pennsylvania Ave., Between 10th & 11th Sts., SE",8,,NPS,050A,,199.250697828264,1053.87101590606,0973,,0.0,RES 050A0000,,98372
88,89,Nps_417,Triangle,NACE,840.0,"Pennsylvania Ave., Between 10th & E Sts., SE",1,,NPS,050,,97.2537027532755,352.29720570971494,0973,,0.0,RES 00500000,,20003
89,90,Nps_419,Triangle,NACE,840.0,"Pennsylvania Ave., Between 12th & E Sts., SE",1,,NPS,051,,132.7730467481,651.482590413669,0994,,0.0,RES 00510000,,20003
90,91,Nps_418,Center Parking,NACE,840.0,"Pennsylvania Ave., Between 11th & 12th Sts., SE",1,,NPS,051A,,232.317250444926,1306.37948957405,0994,,0.0,RES 051A0000,,98058
91,92,Nps_423,Center Parking,NACE,840.0,"Pennsylvania Ave., Between 12th & 13th Sts., SE",8,,NPS,052A,,366.726845671707,2252.7086087285197,1019,S,0.0,RES 052A0000,,20012
92,93,Nps_426,Triangle,NACE,840.0,"Pennsylvania Ave., Between 13th & G Sts., SE",8,,NPS,052,,104.11554871514099,437.375297565859,1019,S,0.0,RES 00520000,,20003
93,94,Nps_431, , ,0.0, , ,,NPS,054M,,22.418845265074395,27.760127794349,0000,,0.0,RES 054E0000,,
94,95,Nps_436,Triangle,NACE,840.0,"Pennsylvania  Ave., Between Potomac & 14th sts., SE", ,,NPS,054C,,30.801032190900504,45.206256510789395,0000,,0.0,RES 054F0000,,20003
95,96,Nps_432,Triangle,NACE,840.0,North Side Pennsylvania  Ave. At Potomac Ave, ,,NPS,054E,,123.557820400357,680.232490670318,1046,NE,0.0,RES 00540000,,20003
96,97,Nps_433,Triangle,NACE,840.0,"South Side Pennsylvania Ave. At Potomac Ave., SE", ,,NPS,054F,,167.630570340243,933.390676892579,1046,NE,0.0,RES 054D0000,,20003
97,98,Nps_434,Center Parking,NACE,840.0,"Pennsylvania  Ave & Potomac Aves., SE", ,,NPS,054D,,114.236981827873,519.859487602713,1046,NE,0.0,RES 054C0000,,20003
98,99,Nps_435,Center Parking,NACE,840.0,"Pennsylvania  Ave., Between 14th & 15th sts., SE", ,,NPS,054A,,274.883917151787,1593.0565700147101,1065,,0.0,RES 054A0000,,15061
99,100,Nps_439,Center Parking,NACE,840.0,"Pennsylvania  Ave., Between 15th & 16th sts., SE", ,,NPS,054B,,392.933593040625,2335.42946649832,1078,,0.0,RES 054B0000,,20020
100,101,Nps_425,Benjamin Banneker Park,NACC,893.0,"10th St. Overlook & Maine Ave., SW",9,,NPS,719,Benjamin Banneker Park,1520.1150747141298,20734.3762890392,"0355,0389",,0.0,RES 07190000,,20024
101,102,Nps_399,Park,NACC,875.0,"C St., Between 7th & 9th Sts., SW",1,,NPS,113,,391.079314305606,5340.1003965379705,0000,,0.0,RES 01130000,,20017
102,103,Nps_404,Triangle,NACC,875.0,"Virginia Ave., Between 6th & D Sts., SW",1,,NPS,115,,79.0892313677565,307.981044429284,0000,,0.0,RES 01150000,,20024
103,104,Nps_478,Park,NACE,892.0,"V St., Between 1st & Canal Sts., SW",9,,NPS,467,,938.730444710517,15881.8702119625,0613,,0.0,RES 04670000,,20024
104,105,Nps_473,Fort Davis,NACE,882.0,"Pennsylvania & Alabama Aves., SE","8, 9",,NPS,336,Fort Davis,972.884544493737,53935.811768866,0000,,0.0,RES 03360000,,20020
105,106,Nps_479,Frederick Douglass Home,NACE,833.0,"1411 W St., SE",10,,NPS,716,Frederick Douglass Home,815.168830936185,34405.7070152691,PAR ,,6.0,PAR 02250006,225.0,20020
106,107,Nps_458,Twining Square,NACE,892.0,"Pennsylvania Ave., Between Minnesota Ave. & 25th St., SE",8,,NPS,487,Twining Square,316.125631625436,1301.89869507974,5560,,0.0,RES 487C0000,,20020
107,108,Nps_455,"Anacostia Park, Section D",NACE,831.0,"Anacostia River, Between Sousa & 11th St. Bridges,","6, 9",,NPS,343D,Anacostia Park,2621.98124427746,203716.85138863302,PAR ,,37.0,PAR 02170037,217.0,20020
108,109,Nps_459,Center Parking,NACE,892.0,"Pennsylvania Ave., East Of Minnesota., SE",8,,NPS,487A,,174.57968511915797,1148.23369023782,5556,,0.0,RES 04870000,,20020
109,110,Nps_429,Triangle,NACE,840.0,"Pennsylvania  Ave., Between Potomac & 14th sts., SE", ,,NPS,054,,374.732555094623,2205.86130614911,1044,,0.0,RES 053A0000,,20003
110,111,Nps_428,Center Parking,NACE,840.0,"Pennsylvania  Ave., Between 13th & 14th sts., SE", ,,NPS,053A,,122.805353771022,584.839584286886,1044,,0.0,RES 053A0000,,98002
111,112,Nps_389,Center Parking,NACE,840.0,"Pennsylvania Ave., Between 2nd & 3rd Sts.SE",8,,NPS,037A,,78.3170889650532,178.77764254882598,0762,,0.0,RES 00370000,,20011
112,113,Nps_391,Center Parking,NACE,840.0,"Pennsylvania Ave., Between 2nd & 3rd Sts.SE",8,,NPS,037A,,45.10160670365249,97.65857848856079,0762,,0.0,RES 00370000,,20011
113,114,Nps_508,Washington Monument & Grounds,NACC,807.0,"14th To 17th Sts., E St. To Constitution Ave., NW",1,,NPS,002,Washington Monument & Grounds,3272.2668647336895,422503.536213325,0000,,0.0,RES 00020000,,20037
114,115,Nps_372,Triangle,ROCR,892.0,"3rd st., Between Pennsylvania & Constitution Ave.,","3, 8",,NPS,553,,122.544975002707,759.580184952491,0533,S,0.0,RES 05530000,,20004
115,116,Nps_053,Fort Circle Park,ROCR,832.0,"Fort Reno Park To Rock Creek Park , NW",6,,NPS,515,Fort Circle Park,141.684944078039,953.1792286945889,MULTI-SQUARES,,0.0,RES 05150000,,20015
116,117,Nps_057,Fort Circle Park,ROCR,832.0,"Fort Reno Park To Rock Creek Park , NW",6,,NPS,515,Fort Circle Park,156.515319565581,818.012174937464,MULTI-SQUARES,,0.0,RES 05150000,,20015
117,118,Nps_059,Fort Circle Park,ROCR,832.0,"Fort Reno Park To Rock Creek Park , NW",6,,NPS,515,Fort Circle Park,397.94413520674794,7334.97608319058,MULTI-SQUARES,,0.0,RES 05150000,,20015
118,119,Nps_034,Fort Circle Park,ROCR,832.0,"Fort Reno Park To Rock Creek Park , NW",6,,NPS,515,Fort Circle Park,114.525857046231,779.45617647529,"2027,2290",,0.0,RES 05150000,,20015
119,120,Nps_032,Fort Circle Park,ROCR,832.0,"Fort Reno Park To Rock Creek Park , NW",6,,NPS,515,Fort Circle Park,806.819473341306,22421.1895035468,"2027,2290",,0.0,RES 05150000,,20015
120,121,Nps_299,Triangle,NACC,875.0,"Massachusetts Ave., Between 1st & G Sts., NW",8,,NPS,077A,,132.961419366852,352.006829312778,0000,,0.0,RES 077B0000,,20001
121,122,Nps_306,Triangle,NACC,875.0,"Massachusetts Ave., Between New Jersey Ave. & G St.",8,,NPS,077B,,92.9988533841805,301.85539941997104,0000,,0.0,RES 077A0000,,20001
122,123,Nps_132,Park,ROCR,821.0,North Side Of Zoo,"8, 9",,NPS,563,,252.568547456603,3512.84302907354,2587,W,814.0,2587W   0814,,98422
123,124,Nps_116,Park,ROCR,821.0,North Side Of Zoo,"8, 9",,NPS,563,,7339.419661827429,624084.1494032011,PAR ,,6.0,PAR 00670006,67.0,98422
124,125,Nps_147,Curb Parking,ROCR,878.0,"Ashmeade Pl., Between Connecticut Ave. & Kalorama Rd.",8,,NPS,303D,,148.395989677225,881.691723292245,0000,,0.0,RES 303D0000,,20008
125,126,Nps_161,Triangle,ROCR,878.0,"Connecticut Ave., Between Columbia Rd. & California. St.",8,,NPS,303,,160.40592132959299,717.639807840313,2356,S,0.0,RES 03030000,,20009
126,127,Nps_152,Triangle,NACC,877.0,"Florida Ave., Between V st. & West Of Ontario Rd., NW",1,,NPS,271,,53.654709085489394,90.62866097819841,0000,,0.0,RES 02710000,,20009
127,128,Nps_178,Triangle,NACC,876.0,"Vermont Ave. & 11th St., North Of R St. NW",8,,NPS,167,,21.435290851823,25.655814576820102,0000,,0.0,RES 01670000,,20009
128,129,Nps_177,Triangle,NACC,893.0,"Vermont Ave & 11th St., South Of S St., NW",8,,NPS,682,,112.044583874477,322.13540092359,0000,,0.0,RES 06820000,,20009
129,130,Nps_171,Triangle,NACC,893.0,"Vermont Ave. & 11th St., North Of S St., NW",8,,NPS,683,,95.88936081953828,258.391331634969,0000,,0.0,RES 06830000,,20009
130,131,Nps_206,Triangle,NACC,877.0,"Florida Ave., Between P & West Of 1st Sts., NE",1,,NPS,278,,27.834100461001302,29.187700594256302,0000,,0.0,RES 02780000,,20002
131,132,Nps_218,Triangle,NACC,877.0,"Florida Ave., Between N & West Of 4th Sts., NE",1,,NPS,279,,26.1007237651319,36.4185366061179,0000,,0.0,RES 02790000,,20002
132,133,Nps_209,Triangle,NACC,876.0,"New York Ave., Between 1st & O Sts., NE",1,,NPS,184,,65.2343306716652,158.640413273129,0000,,0.0,RES 01840000,,20002
133,134,Nps_318,Judiciary Square,NACC,0.0,"D To G Sts., & 4th To 5th Sts., NW",1,1970-02-11T00:00:00.000Z,NPS,007,Judiciary Square,420.48722446141295,8634.610886397,0488,E,800.0,0488E   0800,,20003
134,135,Nps_348,Triangle,NACC,875.0,"Virginia Ave., Between 19th & C Sts., NW",1,,NPS,108,,212.83465607698997,1349.79019395849,0128,,0.0,RES 01080000,,20006
135,136,Nps_232,Old stone House,ROCR,864.0,"3051 M St., NE",6,,NPS,693,Old stone House,205.664244354605,1690.02969850367,1209,,0.0,RES 06930000,,98002
136,137,Nps_093,Melvin C. Hazen Park,ROCR,861.0,"South Of Tilden St., East & West Of Connecticut Ave., NW",6,,NPS,630,Melvin C. Hazen Park,3457.65031363081,168113.80952833,,,0.0,RES 06300000,,20008
137,138,Nps_462,Center Parking,NACE,892.0,"Pennsylvania Ave., East Of Prout St., SE", ,,NPS,487D,,80.6947675656688,252.108894105953,5560,,0.0,RES 04870000,,20020
138,139,Nps_461,Center Parking,NACE,892.0,"Pennsylvania Ave., West Of Minnesota., SE", ,,NPS,487C,,199.819478236852,1324.61282667819,5560,,0.0,RES 04870000,,20003
139,140,Nps_523,Piney Branch Portal,ROCR,892.0,"Piney Branch Rd. & Eastern Ave., NW",8,,NPS,531,Piney Branch Portal,349.58092548665,2208.00965250988,3350,,0.0,RES 05310000,,20012
140,141,Nps_524,Piney Branch Portal,ROCR,892.0,"Piney Branch Rd. & Eastern Ave., NW",8,,NPS,531,Piney Branch Portal,166.46109407339898,1452.1337588331799,3350,,0.0,RES 05310000,,20012
141,142,Nps_503,Square E. 667,NACE,878.0,"Half & North Side Of V sts., SW",1,,NPS,295,,310.180370762661,4357.575640220461,0667,E,0.0,RES 02950000,,20024
142,143,Nps_502,Triangle,NACE,892.0,"Water & V Sts., At Bulkhead, SE",10,,NPS,562,,153.81919602190598,710.415447160642,0667,E,0.0,RES 02950000,,20003
143,144,Nps_460,Center Parking,NACE,892.0,"Pennsylvania Ave., East Of Minnesota., SE", ,,NPS,487B,,218.02466051802799,1888.4235039710102,5556,,0.0,RES 04870000,,20020
144,145,Nps_474,Fort Circle Park,NACE,832.0,"Fort Dupont To Fort Stanton Park, SE","6, 8",,NPS,518,Fort Circle Park,748.9952639444209,33644.8476496413,5634,,804.0,5634    0804,,
145,146,Nps_278,Triangle,NACE,878.0,"Florida Ave., & I st., West Of Orren St., NE",1,,NPS,283,,34.979965181184504,46.464592824758704,0000,,0.0,RES 02830000,,20002
146,147,Nps_388,Center Parking,NACE,840.0,"Pennsylvania Ave., Between 2nd & 3rd Sts.SE",8,,NPS,037A,,158.47962212259398,637.907541859345,0762,,0.0,RES 037A0000,,20011
147,148,Nps_393,Center Parking,NACE,840.0,"Pennsylvania Ave., Between 2nd & 3rd Sts.SE",8,,NPS,037A,,102.59930196472,500.480803566203,0762,,0.0,RES 037A0000,,20011
148,149,Nps_376,Triangle,NACE,877.0,"Maryland Ave., Between 2nd & Constitution Ave., NE",1,,NPS,204,,160.583687300592,738.0786106480169,0000,,0.0,RES 02040000,,20002
149,150,Nps_375,Triangle,NACE,877.0,"Maryland Ave., Between 2nd & Constitution Ave., NE",1,,NPS,204,,92.81976150898329,433.516792264604,0000,,0.0,RES 02040000,,20002
150,151,Nps_368,Triangle,NACE,877.0,"Maryland Ave., Between 3rd & Constitution Ave., NE",1,,NPS,205,,121.965102871943,514.100054540155,0000,,0.0,RES 02050000,,20002
151,152,Nps_363,Triangle,NACE,877.0,"Maryland Ave., Between 3rd & Constitution Ave., NE",1,,NPS,205,,49.41059904655021,114.24431081844,0000,,0.0,RES 02050000,,20002
152,153,Nps_361,Triangle - Mellon Fountain,NACC,892.0,"6th st., Between Pennsylvania & Constitution Aves.","3, 8",,NPS,546,Mellon Fountain,173.420269562458,1429.2335240711402,0461,E,0.0,RES 05460000,,20004
153,154,Nps_369,Triangle - Mellon Fountain,NACC,892.0,"6th st., Between Pennsylvania & Constitution Aves.","3, 8",,NPS,546,,113.65139413073999,313.69070999968,0461,E,0.0,RES 05460000,,20004
154,155,Nps_349,"The Mall, L'enfant Square",NACC,802.0,"9th To 7th St., NW & Constitution Ave., Nw To Independence Avenue, SW",1,,NPS,03A,,181.698104926026,2110.80946662072,0432,S,0.0,RES 00350000,,20004
155,156,Nps_345,Triangle,NACC,840.0,"7th & 9th Sts. To Above Pennsylvania Ave., NW",1,,NPS,036,,179.338319037851,1904.7530830116898,0432,S,0.0,RES 00360000,,20017
156,157,Nps_346,Triangle ( FDR Memorial Stone),NACC,840.0,"9th St., Below Pennsylvania Ave., NW",1,,NPS,035,FDR Memorial Stone,150.398306843152,645.482639363595,0432,S,0.0,RES 00360000,,20037
157,158,Nps_340,Park (Part of Sq. E 87),NACE,892.0,"Virginia & New York Aves. To 20th & 21st Sts., NW",9,,NPS,378,,509.51610535825597,7574.585542940699,0087,E,0.0,RES 01050000,,20002
158,159,,,NAMA,,"Constitution Ave., between 21st & 22nd Sts., NW",<Null>,,NPS,332A,,378.83005248426497,4073.00953314186,0088,,0.0,RES 332A0000,,20002
159,160,Nps_334,Edward J. Kelly Park,NACC,875.0,"Virginia Ave., between 21st & New York Ave., NW",1,,NPS,105,Edward J. Kelly Park,273.848503101417,3009.5136086167,0087,E,0.0,RES 01050000,,20002
160,161,Nps_015,Fort Circle Park,ROCR,832.0,"Fort Stevens Park To Fort Slocum Park, NW","6, 8",,NPS,494,Fort Circle Park,293.745024885875,2439.75440647916,MULTI-SQUARES & PARCELS,,0.0,RES 04940000,,
161,162,Nps_008,Fort Circle Park,ROCR,832.0,"Fort Stevens Park To Fort Slocum Park, NW","6, 8",,NPS,494,Fort Circle Park,186.59366501768397,1686.1038785171302,MULTI-SQUARES & PARCELS,,0.0,RES 04940000,,
162,163,Nps_010,Fort Circle Park,ROCR,832.0,"Fort Stevens Park To Fort Slocum Park, NW","6, 8",,NPS,494,Fort Circle Park,431.031197793854,9339.119901960508,MULTI-SQUARES & PARCELS,,0.0,RES 04940000,,
163,164,Nps_009,Fort Circle Park,ROCR,832.0,"Fort Stevens Park To Fort Slocum Park, NW","6, 8",,NPS,494,Fort Circle Park,309.75335948149603,2693.4206444431,MULTI-SQUARES & PARCELS,,0.0,RES 04940000,,
164,165,Nps_303,Center Parking,NACC,840.0,"New Hampshire Ave., Between G st. & Virginia Ave., NW",8,,NPS,026K,,152.890264827133,1293.03779915775,0008,E,800.0,0008E   0800,,20052
165,166,Nps_268,Washington Circle,NACC,824.0,"Pennsylvania & New Hampshire Aves., NW",1,,NPS,026,Washington Circle,333.86135558779097,8869.97592029811,0040,N,0.0,RES 00260000,,20037
166,167,Nps_285,Triangle,NACC,840.0,"Pennsylvania Ave., Between 21st & I Sts., NW",1,,NPS,028,,225.01056375309602,1736.8887154535598,0101,N,0.0,RES 00280000,,20052
167,168,Nps_282,James Monroe Park,NACC,840.0,"Pennsylvania Ave., Between 20th & I Sts., NW",1,,NPS,029,James Monroe Park,215.252750046106,1587.6019379357401,0000,,0.0,RES 00290000,,20006
168,169,Nps_287,Triangle,ROCR,0.0,"Virginia Ave., Between 27th & I Sts., Nw [Bricked]",1,1965-03-02T00:00:00.000Z,NPS,095,,40.4586796591326,76.323302785482,0000,,0.0,RES 00950000,,20037
169,170,Nps_295,Triangle,NACC,840.0,"Pennsylvania Ave., Between 18th & H Sts., NW",1,,NPS,031,,197.28538923062303,1460.52987023827,0105,S,0.0,RES 00310000,,20006
170,171,Nps_296,Triangle,NACC,840.0,"Pennsylvania  Ave., Between 19th & H sts., NW",1,,NPS,030,,233.204129422446,1704.6116351829098,0141,N,0.0,RES 00300000,,20006
171,172,Nps_273,Farragut Square,NACC,818.0,"17th St., Between I & K Sts., NW",1,,NPS,012,Farragut Square,334.657626871826,6377.0000924139895,0185,W,0.0,RES 00120000,,98901
172,173,Nps_276,Mcpherson Square,NACC,874.0,"15th St., Between I & K Sts., NW",1,,NPS,011,McPherson Square,341.69439198932497,6755.30677897542,0218,W,0.0,RES 00110000,,98901
173,174,Nps_275,Franklin Square,NACC,812.0,"I To K St. & 13th To 14th Sts., NW",1,,NPS,009,Franklin Square,571.403595849872,19403.8535065964,0000,,0.0,RES 00090000,,20005
174,175,Nps_293,Triangle,NACC,876.0,"New York Ave. & H St., West Of 13th St., NW",1,,NPS,172,,73.59392011665659,322.21064507296796,0251,,0.0,RES 01720000,,20005
175,176,Nps_291,Triangle,NACC,876.0,"New York Ave, & 13th st., NW East Of Res. 172",8,,NPS,172B,,69.3872329953989,249.066981007061,0251,,0.0,RES 172B0000,,20005
176,177,Nps_297,Triangle,NACC,876.0,"New York Ave., Between 13th & H Sts., NW",8,,NPS,172A,,65.6826387421835,242.431880031626,0000,,0.0,RES 172A0000,,20005
177,178,Nps_283,Triangle,NACC,876.0,"New York Ave. Between 12th & I Sts., NW",1,,NPS,173,,171.36809530557,1173.75059864851,0000,,0.0,RES 01730000,,20005
178,179,Nps_486,Shepherd Parkway,NACE,848.0,"South Capitol St. & 2nd St., SE & SW","5, 6, 9",,NPS,421,Shepherd Parkway,3158.8926187625502,165525.89691850301,0000,,0.0,RES 04210000,,20003
179,180,Nps_013,Fort Circle Park,ROCR,832.0,"Rock Creek Park To Fort Stevens Park, NW",6,,NPS,499,Fort Circle Park,548.949636877445,3593.68304754036,0000,,0.0,RES 04990000,,20015
180,181,Nps_067,Westmoreland Circle,ROCR,892.0,"Massachusetts & Western Aves., NW","6, 8",,NPS,559,Westmoreland Circle,210.31273265963299,3076.26863370373,1486,,0.0,RES 05590000,,20016
181,182,Nps_068,Triangle,ROCR,892.0,"Kansas Ave. & 7th St., North Of Sherman Circle, NW",8,,NPS,436,,160.44832885632098,1433.83786688326,3216,,0.0,RES 04360000,,20011
182,183,Nps_077,Triangle,ROCR,892.0,"Kansas Ave., South Of Sherman Circle, NW",8,,NPS,438,,159.552413349674,1441.26659963613,3141,,0.0,RES 04380000,,20011
183,184,Nps_069,Triangle,ROCR,892.0,"Illinois Ave., Between 7th & Decatur Sts., NW",8,,NPS,447,,126.560761478416,832.245545328239,3144,,0.0,RES 04470000,,20011
184,185,Nps_078,Triangle,ROCR,892.0,"Illinois Ave., Between 7th & Buchanan Sts., NW",8,,NPS,448,,126.613346052171,837.297578534849,3219,,0.0,RES 04480000,,20011
185,186,Nps_211,Fort Circle Park,NACE,832.0,"Anacostia Park To Fort Mahan Park, NE","6, 8",,NPS,523,Fort Circle Park,2297.3713946697603,115643.80938181901,"5071,5076,5077,5094",E,0.0,RES 05230000,,20019
186,187,Nps_314,"Anacostia Park, Section F",NACE,831.0,"Anacostia River, Between Benning & Railroad Bridges","6, 9",,NPS,343F,Anacostia Park,8305.76536378531,797103.531248294,0000,,0.0,RES 343F0000,,20020
187,188,Nps_384,"Anacostia Park, Section F",NACE,831.0,"Anacostia River, Between Benning & Railroad Bridges","6, 9",,NPS,343F,Anacostia Park,4872.29967004212,221288.603251445,0000,,0.0,RES 343F0000,,20020
188,189,Nps_355,"Anacostia Park, Section F",NACE,831.0,"Anacostia River, Between Benning & Railroad Bridges","6, 9",,NPS,343F,Anacostia Park,213.31405935542801,2458.3421928553303,0000,,0.0,RES 343F0000,,20020
189,190,Nps_354,"Anacostia Park, Section F",NACE,831.0,"Anacostia River, Between Benning & Railroad Bridges","6, 9",,NPS,343F,Anacostia Park,235.892957784235,1728.99917739427,0000,,0.0,RES 343F0000,,20020
190,191,Nps_365,"Anacostia Park, Section F",NACE,831.0,"Anacostia River, Between Benning & Railroad Bridges","6, 9",,NPS,343F,Anacostia Park,91.77298484742641,526.233677618326,0000,,0.0,RES 343F0000,,20020
191,192,Nps_505,Fort Circle Park,ROCR,832.0,"Fort Slocum Park To Fort Totten Park, NE",6,,NPS,497,Fort Circle Park,516.591366175949,12045.6296957817,"3382,3383,3699,3700,3701,3702,3705,3706,3709",,0.0,RES 04970000,,20011
192,193,Nps_048,Fort Circle Park,ROCR,832.0,"Fort Slocum Park To Fort Totten Park, NE",6,,NPS,497,Fort Circle Park,1256.5405536712199,43948.048613384904,"3382,3383,3699,3700,3701,3702,3705,3706,3709",,0.0,RES 04970000,,20011
193,194,Nps_179,Triangle,ROCR,892.0,"Connecticut Ave., Between 20th & R Sts., NW",8,,NPS,554,,40.067031514101295,71.1306127583478,0000,,0.0,RES 05540000,,20009
194,195,Nps_176,Triangle,NACC,877.0,"Florida Ave., Between 21st & South Of S Sts., NW",1,,NPS,270,,27.28570027406,36.333021596189795,0065,,0.0,RES 02700000,,20009
195,196,Nps_186,Sheridan Circle,NACC,825.0,"Massachusetts Ave., Between 23rd & R Sts., NW",8,,NPS,057A,Sheridan Circle,162.78474872757602,2108.7134250219,2512,W,0.0,RES 057A0000,,20020
196,197,Nps_165,Montrose Park,ROCR,891.0,"R St. & Lovers Ln., NW",8,,NPS,324,Montrose Park,1050.6163134849699,63459.683931349806,2156,,0.0,RES 03240000,,99111
197,198,Nps_151,Dumbarton Oaks Park,ROCR,863.0,"Whitehaven Park & Montrose Park, NW",10,,NPS,637,Dumbarton Oaks Park,1864.8154445865803,110129.001300985,2155,,0.0,RES 06370000,,20007
198,199,Nps_167,Triangle,NACC,877.0,"Florida Ave., Between 19th st. & T Sts., NW",8,,NPS,270A,,55.55695013759421,148.773518640178,0000,,0.0,RES 270A0000,,20009
199,200,Nps_163,Triangle,NACC,876.0,Below New Hampshire Ave. & 16th St. NW,8,,NPS,146,,78.41928450552071,282.869411115839,0000,,0.0,RES 01460000,,20009
200,201,Nps_154,Triangle,NACC,876.0,"Above New Hampshire Ave. & 16th St., NW",8,,NPS,147,,80.3248568789177,299.245082845813,0000,,0.0,RES 01470000,,20009
201,202,Nps_180,Triangle,NACC,877.0,"Florida Ave., Between R & 2nd Sts., NW",1,,NPS,276,,36.7256475306474,53.3866913557443,0000,,0.0,RES 02760000,,20001
202,203,Nps_184,Triangle,NACC,877.0,"Florida Ave., Between 1st & R Sts., NW",8,,NPS,276A,,144.759781772349,789.7988588988161,3099,,0.0,RES 276A0000,,20001
203,204,Nps_166,Triangle,NACC,877.0,"Florida Ave., Between T & West Of 6th Sts., NW",1,,NPS,274,,10.394891705568698,6.315862725611839,0000,,0.0,RES 02740000,,20001
204,205,Nps_145,Triangle,NACC,877.0,"Florida Ave., & 10th St., NW",1,,NPS,272,,27.8672292440824,34.304825801065505,0000,,0.0,RES 02720000,,20001
205,206,Nps_143,Meridian Hill Park,ROCR,872.0,"16th St., Between Euclid & W Sts. NW",4,,NPS,327,Meridian Hill Park,1098.89047119593,45737.1862067503,"2569,2570,2573",,0.0,RES 03270000,,20009
206,207,Nps_137,Rabaut Park,ROCR,878.0,"Mt. Pleasant St., Between 16th St., & Harvard St., NW",8,,NPS,309C,Rabaut Park,195.07626872686,2286.39062576876,0000,,0.0,RES 309C0000,,20009
207,208,Nps_500,Triangle,NACE,893.0,"Central Ave., Between 50th & East Capitol Sts., SE",8,,NPS,669,,195.707754043288,755.711444018876,0000,,0.0,RES 06690000,,20019
208,209,Nps_392,"The Mall, Seaton Park, West",NACC,802.0,"6th To 4th., NW & Constitution NW To Independence","1,  7, 9",,NPS,005,,183.219114848569,1664.66388276899,0492,N,800.0,0492N   0800,,20002
209,210,Nps_544,Beach Parkway,ROCR,821.0,"DC Line, Between East & West Beach Drive, NW","5, 6",,NPS,432,Beach Parkway,2765.0169611976003,72226.0629510173,0000,,0.0,RES 04320000,,37615
210,211,Nps_001,North Portal,ROCR,821.0,"16th St.,between North Portal & South Portal Drs.","5, 6",,NPS,433,North Portal,1793.86268619857,35374.3327764267,0000,,0.0,RES 04330000,,20012
211,212,Nps_450,Triangle,NACE,875.0,"Virginia Ave., Between West Side Of 7th & K Sts., SE",8,,NPS,124A,,24.6210041891237,29.898882107600397,0000,,0.0,RES 124A0000,,20003
212,213,Nps_292,Theodore Roosevelt Island (Analostan Island),GWMP,854.0,"Potomac River, NW",10,,NPS,560,Theodore Roosevelt Island,4299.7696167430895,341456.02400767,PAR ,,1.0,PAR 03180001,318.0,20007
213,214,Nps_521,Lady Bird Johnson Park (Columbia Island),GWMP,835.0,Between Potomac River & Boundary Channel,9,,NPS,344,Lady Bird Johnson Park,4854.927050874489,546422.584431806,PAR ,,1.0,PAR 03170001,,
214,215,Nps_387,Triangle,NACC,877.0,"Maryland Ave., Between 3rd & Independence Ave., SW",1,,NPS,201,,172.429264167887,1282.03511186438,0000,,0.0,RES 02010000,,20024
215,216,Nps_359,Curb Parking,NACC,801.0,"Constitution Ave., Between 22nd & 23rd Sts., NW",2,,NPS,332B,,224.806350422175,2296.51560799066,"0062,0063",,0.0,RES 332B0000,,20037
216,217,Nps_350,Triangle,NACC,892.0,"Virginia Ave., Between 18th & C Sts., NW",9,,NPS,383,,253.232607087864,2626.02579953035,0146,,0.0,RES 03830000,,20006
217,218,Nps_352,Square 147 (Pan American Annex),NACC,892.0,"Virginia & Constitution Aves. To 18th & 19th Sts., NW",9,,NPS,384,,420.119568747873,9048.064706913021,0147,,0.0,RES 03840000,,20006
218,219,Nps_362,Triangle,NACC,875.0,"Constitution Ave. & 18th St., NW",1,,NPS,110,,81.3485118124013,294.07120028379103,0000,,0.0,RES 01100000,,20006
219,220,Nps_332,Triangle,NACC,875.0,"New York Ave., Between Virginia Ave & 20th St., NW",1,,NPS,106,,374.15571835901903,6521.24407146041,0104,S,12.0,0104S   0012,,20006
220,221,Nps_304,Triangle,NACE,877.0,"Maryland Ave., & G st. East Of 13th St.,, NE",1,,NPS,212,,99.6100512432358,325.354350995212,0000,,0.0,RES 02120000,,20002
221,222,Nps_301,Triangle,NACE,877.0,"Maryland Ave., 14th & G Sts., NE",1,,NPS,213,,56.749746332761,119.60483319228901,0000,,0.0,RES 02130000,,20002
222,223,Nps_288,Center Parking,NACC,840.0,"New Hampshire Ave. & L St., NW",8,,NPS,026G,,248.679639083676,352.73218025943703,0030,,0.0,RES 026H0000,,20037
223,224,Nps_279,Curb Parking,NACE,878.0,"I St., Between 5th & 6th Sts., NE",8,,NPS,315,,81.26485782585729,212.773674327632,0831,,802.0,0831    0802,,20024
224,225,Nps_265,Triangle,NACC,875.0,"Massachusetts Ave., Between 11th & L Sts., NW",8,,NPS,069A,,20.501948389373,21.780877234966102,0000,,0.0,RES 069A0000,,20001
225,226,Nps_258,Samuel Gompers Memorial Park,NACC,875.0,"Massachusetts Ave. & L St. To 10th & 11th Sts., NW",1,,NPS,069,Samuel Gompers Memorial Park,31.294646269742103,49.51481955823321,0000,,0.0,RES 069A0000,,20001
226,227,Nps_494,Shepherd Parkway,NACE,848.0,"South Capitol St. & 2nd St., SE & SW","5, 6, 9",,NPS,421,Shepherd Parkway,2396.8560934441102,107050.85841981099,0000,,0.0,RES 04210000,,20003
227,228,Nps_007,Fort Circle Park,ROCR,832.0,"Rock Creek Park To Fort Stevens Park, NW",6,,NPS,499,Fort Circle Park,410.946974603269,7706.8607525037905,0000,,0.0,RES 04990000,,20015
228,229,Nps_011,Fort Circle Park,ROCR,832.0,"Rock Creek Park To Fort Stevens Park, NW",6,,NPS,499,Fort Circle Park,558.379577438162,5691.506111922211,0000,,0.0,RES 04990000,,20015
229,230,Nps_014,Fort Circle Park,ROCR,832.0,"Rock Creek Park To Fort Stevens Park, NW",6,,NPS,499,Fort Circle Park,442.366457524616,5581.7607363184,0000,,0.0,RES 04990000,,20015
230,231,Nps_016,Fort Circle Park,ROCR,832.0,"Rock Creek Park To Fort Stevens Park, NW",6,,NPS,499,Fort Circle Park,290.292369351613,2420.84312393808,0000,,0.0,RES 04990000,,20015
231,232,Nps_017,Fort Circle Park,ROCR,832.0,"Rock Creek Park To Fort Stevens Park, NW",6,,NPS,499,Fort Circle Park,201.75417711021598,1388.43896956358,0000,,0.0,RES 04990000,,20015
232,233,Nps_038,Fort Circle Park,ROCR,832.0,"Fort Stevens Park To Fort Slocum Park, NW","6, 8",,NPS,494,Fort Circle Park,503.131908037111,4986.15259069823,MULTI-SQUARES & PARCELS,,0.0,RES 04940000,,
233,234,Nps_039,Fort Circle Park,ROCR,832.0,"Fort Stevens Park To Fort Slocum Park, NW","6, 8",,NPS,494,Fort Circle Park,191.859789460905,2040.99833038149,MULTI-SQUARES & PARCELS,,0.0,RES 04940000,,
234,235,Nps_037,Fort Circle Park,ROCR,832.0,"Fort Stevens Park To Fort Slocum Park, NW","6, 8",,NPS,494,Fort Circle Park,191.853674769402,2040.9006007050698,MULTI-SQUARES & PARCELS,,0.0,RES 04940000,,
235,236,Nps_029,Fort Circle Park,ROCR,832.0,"Fort Stevens Park To Fort Slocum Park, NW","6, 8",,NPS,494,Fort Circle Park,163.30848193308998,1613.62906652544,MULTI-SQUARES & PARCELS,,0.0,RES 04940000,,
236,237,Nps_027,Fort Circle Park,ROCR,832.0,"Fort Stevens Park To Fort Slocum Park, NW","6, 8",,NPS,494,Fort Circle Park,267.52432625203,3012.7298796995897,MULTI-SQUARES & PARCELS,,0.0,RES 04940000,,
237,238,Nps_018,Fort Circle Park,ROCR,832.0,"Fort Stevens Park To Fort Slocum Park, NW","6, 8",,NPS,494,Fort Circle Park,261.343630094494,2714.01392240535,MULTI-SQUARES & PARCELS,,0.0,RES 04940000,,
238,239,Nps_021,Fort Circle Park,ROCR,832.0,"Fort Slocum Park To Fort Totten Park, NE",6,,NPS,497,Fort Circle Park,860.251100189682,21798.128600456497,"3382,3383,3699,3700,3701,3702,3705,3706,3709",,0.0,RES 04970000,,20011
239,240,Nps_019,Fort Slocum Park,ROCR,887.0,"2nd & 3rd Sts. To Oglethorpe & Madison Sts., NE","5, 6",,NPS,435,Fort Slocum Park,1161.2363196217698,78906.6619899086,"3382,3383,3699,3700,3701,3702,3705,3706,3709",,0.0,RES 04970000,,20011
240,241,Nps_020,Fort Circle Park,ROCR,832.0,"Fort Slocum Park To Fort Totten Park, NE",6,,NPS,497,Fort Circle Park,540.170866777743,11450.813511603601,"3382,3383,3699,3700,3701,3702,3705,3706,3709",,0.0,RES 04970000,,20011
241,242,Nps_031,Fort Circle Park,ROCR,832.0,"Fort Reno Park To Rock Creek Park , NW",6,,NPS,515,Fort Circle Park,967.159688805346,21568.5142684931,MULTI-SQUARES,,0.0,RES 05150000,,20015
242,243,Nps_033,Fort Circle Park,ROCR,832.0,"Fort Reno Park To Rock Creek Park , NW",6,,NPS,515,Fort Circle Park,276.479852933111,1088.65027463063,MULTI-SQUARES,,0.0,RES 05150000,,20015
243,244,Nps_041,Fort Circle Park,ROCR,832.0,"Fort Reno Park To Rock Creek Park , NW",6,,NPS,515,Fort Circle Park,499.92641699489195,6811.245439619161,MULTI-SQUARES,,0.0,RES 05150000,,20015
244,245,Nps_040,Fort Circle Park,ROCR,832.0,"Fort Reno Park To Rock Creek Park , NW",6,,NPS,515,Fort Circle Park,665.1482652086239,7523.77497448985,MULTI-SQUARES,,0.0,RES 05150000,,20015
245,246,Nps_050,Fort Circle Park,ROCR,832.0,"Fort Reno Park To Rock Creek Park , NW",6,,NPS,515,Fort Circle Park,181.64527339927398,791.152298006739,MULTI-SQUARES,,0.0,RES 05150000,,20015
246,247,Nps_316,Triangle,NACC,877.0,"New Jersey Ave., Between 1st & F Sts., NW",1,,NPS,196,,94.6070465470253,350.80689528739896,0000,,0.0,RES 01960000,,20001
247,248,Nps_311,Triangle,NACC,875.0,"Massachusetts Ave., Between North Capitol & F St.,",1,,NPS,078,,89.9900630935964,317.417575393713,0000,,0.0,RES 00780000,,20001
248,249,Nps_319,Area South Of Union station,NACC,873.0,"Union Station Plaza, NE",7,,NPS,334,Columbus Circle,551.607552189615,14363.600754278501,0000,,0.0,RES 03340000,,
249,250,Nps_344,Circle,NACC,840.0,"Indiana Ave., Between 7th & C Sts., NW",8,,NPS,036A,,74.9410245099066,446.919539870861,0459,,0.0,RES 036A0000,,20004
250,251,Nps_337,Triangle,NACC,876.0,"Indiana Ave., Between 3rd & D Sts., NW",1,,NPS,187,,105.507406232762,356.039183645085,0000,,0.0,RES 01870000,,20001
251,252,Nps_507,"President's Park, White House Ground, Exec. Office, Treasury Bldg.",NACC,813.0,"Pennsylvania Ave., Between 15th & 17th Streets NW",1,,NPS,001,White House Grounds,2379.52957373112,338423.02200537396,0187,,0.0,RES 00010000,,98604
252,253,Nps_294,Lafayette Square,NACC,803.0,Pennsylvania Ave. to H St. and Jackson to Madison Pl.,1,,NPS,010,Lafayette Square,698.424818396788,28311.8482230699,0187,,0.0,RES 00100000,,20006
253,254,Nps_324,Commerce Building Plaza (Pershing Square),NACC,893.0,"Pennsylvania Ave. & E st. To 14th & 15th Sts., NW","8, 9",,NPS,617,Pershing Square,332.470068146981,5679.434989286,0226,,0.0,RES 06170000,,20003
254,255,Nps_331,Rawlins Park,NACC,819.0,"E st., Between 18th & 19th sSs. NW",1,,NPS,013,Rawlins Park,339.65568233044,5718.676681600649,0143,,0.0,RES 00130000,,98033
255,256,Nps_330,Walt Whitman Park,NACC,865.0,"E st., Between 19th & 20th Sts., NW","8, 9",,NPS,715,Walt Whitman Park,277.295664631519,4045.11216643651,0123,,0.0,RES 07150000,,98290
256,257,Nps_325,Triangle,NACC,0.0,Virginia Ave. & E St. NW,1,1965-08-03T00:00:00.000Z,NPS,102,,44.2165752364147,89.0911202976939,0000,,0.0,RES 01020000,,20037
257,258,Nps_329,Park (Adjoining Dept. of State),NACC,893.0,"Virginia Ave. & 22nd St., NW","8, 9",,NPS,720,,242.630133582611,3102.68542387573,0083,,0.0,RES 07200000,,20037
258,259,Nps_327,Triangle,NACC,875.0,"Virginia Ave., between 21st & D St NW",1,,NPS,104,,192.231918152346,721.9866088422369,0083,,809.0,0083    0809,,20002
259,260,Nps_315,Triangle,NACC,875.0,Above Virginia Ave. & F St. NW,1,,NPS,101,,100.530394466863,413.024133284911,0058,,0.0,RES 01010000,,20052
260,261,Nps_313,Center Parking,ROCR,840.0,"New Hampshire Ave., North Of F st., NW",8,,NPS,026M,,120.675517905227,196.679959377141,0019,,0.0,RES 026M0000,,20037
261,262,Nps_309,Triangle,NACC,875.0,"Virginia Ave., Between 24th & G Sts., NW",1,,NPS,099,,68.0409607310912,216.51398064826,0031,,0.0,RES 00990000,,20037
262,263,Nps_307,Triangle,NACC,875.0,"Virginia Ave., Between 25th & G Sts., NW",1,,NPS,098,,47.2067342520967,95.19369889525231,0031,,0.0,RES 00980000,,98671
263,264,Nps_255,Triangle,NACC,875.0,"Massachusetts Ave. & L St. To 11th & 12th Sts., NW",1,,NPS,068,,184.952621713731,1514.71319448782,0000,,0.0,RES 00680000,,20001
264,265,Nps_257,Samuel Gompers Memorial Park,NACC,875.0,"Massachusetts Ave. & L St. To 10th & 11th Sts., NW",1,,NPS,069,Samuel Gompers Memorial Park,193.973847607849,1612.30299842673,0000,,0.0,RES 00690000,,20001
265,266,Nps_270,Triangle,NACC,875.0,"Massachusetts Ave., 8th & K Sts., NW",1,,NPS,070,,99.3660968098086,634.723464732876,0000,,0.0,RES 00700000,,20001
266,267,Nps_272,Triangle,NACC,876.0,"New York Ave., Between 9th & K Sts., NW",1,,NPS,175,,90.3548195755531,503.699277762082,0000,,0.0,RES 01750000,,20001
267,268,Nps_269,Triangle,NACC,876.0,"New York Ave., Between 7th & K Sts., NW",1,,NPS,176,,93.3223670349892,548.732936038006,0000,,0.0,RES 01760000,,20001
268,269,Nps_274,Triangle,NACC,875.0,"Massachusetts Ave., 7th & K Sts., NW",1,,NPS,071,,83.7687022487885,471.98927213644095,0000,,0.0,RES 00710000,,20001
269,270,Nps_281,Triangle,NACC,875.0,"Massachusetts Av. & I St. To 5th & 6th Sts., NW",1,,NPS,072,,163.35632332767,1320.0800423026199,0000,,0.0,RES 00720000,,20001
270,271,Nps_286,Triangle,NACC,875.0,"Below Massachusetts Ave., Between 5th & I Sts., NW",1,,NPS,073,,36.3908323223554,45.5546923846208,0000,,0.0,RES 00730000,,20001
271,272,Nps_277,Triangle,NACC,877.0,"New Jersey Ave., Between 2nd & Above I Sts., NW",1,,NPS,193,,162.075174772839,618.765505320438,0000,,0.0,RES 01930000,,20001
272,273,Nps_217,Scott Circle,NACC,827.0,"Massachusetts & Rhode Island Ave., NW","1, 8",,NPS,063,Scott Circle,148.107716961614,1627.40794830447,0000,,0.0,RES 00630000,,20005
273,274,Nps_214,Triangle,NACC,862.0,"North Of Res. 62 At Massachusetts Ave., NW",8,,NPS,062A,,75.7085909838501,212.068048432523,0000,,0.0,RES 062A0000,,20001
274,275,Nps_225,Triangle,NACC,862.0,"South Of Res. 62 At Rhode Island Ave., NW",8,,NPS,062B,,72.6587443137862,206.44558937914397,0000,,0.0,RES 062B0000,,20001
275,276,Nps_212,Triangle,NACC,862.0,"West Of Scott Circle, Between Massachusetts & Rhode Island Ave., NW","1, 8",,NPS,062,,254.27585894687098,1023.02588579694,0000,,0.0,RES 00620000,,20005
276,277,Nps_233,Triangle,NACC,862.0,"West Of Thomas Circle, Massachusetts Ave. & M st., NW",1,,NPS,065,,50.0927351104259,140.23699741909,0000,,0.0,RES 00650000,,20005
277,278,Nps_242,Triangle,NACC,862.0,"Massachusetts Ave. & M St., NW",1,,NPS,067,,57.731544261544705,170.182838344402,0000,,0.0,RES 00670000,,20005
278,279,Nps_227,Triangle,NACC,876.0,"Vermont Ave. & 14th St., North Of Thomas Circle, NW",1,,NPS,162,,52.1851846504232,95.12547625666728,0244,,802.0,0244    0802,,20005
279,280,Nps_210,Mary McLeod Bethune Council House,NACE,0.0,"Vermont Ave., NW", ,,NPS,0000,,99.110794068941,297.422350672287,0242,,55.0,0242    0055,,20005
280,281,Nps_208,Triangle,NACC,876.0,"Vermont Ave., Between 13th & O Sts. NW",1,,NPS,163,,91.8776048486887,474.801660384387,0000,,0.0,RES 01630000,,20005
281,282,Nps_204,Triangle,NACC,876.0,"Rhode Island Ave., Between 12th & P Sts., NW",1,,NPS,154,,138.900144340792,970.49411485654,0278,S,0.0,RES 01540000,,20005
282,283,Nps_203,Logan Circle,NACC,829.0,"Rhode Island & Vermont Aves., NW",1,,NPS,153,Logan Circle,344.46869066191596,9442.516025309731,0000,,0.0,RES 01530000,,20005
283,284,Nps_200,Triangle,NACC,876.0,"New Jersey Ave., Between 4th & Q Sts., NW",1,,NPS,190,,77.0645737222927,178.38209735366698,0000,,0.0,RES 01900000,,20001
284,285,Nps_514,Triangle,NACC,877.0,"New Jersey Ave., Between 3rd & N Sts., NW",8,,NPS,192,,148.430746168614,717.359184755966,0554,W,0.0,RES 01920000,,20001
285,286,Nps_191,Triangle,NACC,876.0,"Vermont Ave. & 12th St., South Of R st., NW",8,,NPS,165,,38.2449273415918,73.312311817965,0000,,0.0,RES 01650000,,20009
286,287,Nps_187,Triangle,NACC,893.0,"12th & Vermont Ave., North Of Q St., NW",8,,NPS,681,,147.258177771785,485.84729785810305,0000,,0.0,RES 06810000,,20009
287,288,Nps_202,Dupont Circle,NACC,826.0,"Massachusetts & Connecticut Aves., NW",1,,NPS,060,Dupont Circle,340.699485008166,9237.045006000459,0114,E,0.0,RES 00600000,,20036
288,289,Nps_205,Triangle,NACC,862.0,"Massachusetts., Between 20th & P sts., NW",1,,NPS,059,,114.28515108736,745.843521669629,0095,E,0.0,RES 00590000,,20036
289,290,Nps_192,Triangle,NACC,876.0,"Connecticut Ave., Between 20th & Q Sts., NW",1,,NPS,149,,110.051294874275,423.978245310082,0000,,0.0,RES 01490000,,20009
290,291,Nps_193,Triangle,NACC,862.0,"Massachusetts Ave., Between 22nd & Q Sts., NW",1,,NPS,057,,90.5776964125378,282.636299473363,0067,,0.0,RES 00570000,,20008
291,292,Nps_197,Triangle,NACC,862.0,"Massachsetts Ave., Between 21st & Q Sts., NW",1,,NPS,058,,93.87284303179001,304.14244300397803,0066,S,0.0,RES 00580000,,20036
292,293,Nps_159,Whitehaven Parkway,ROCR,839.0,"W st., West Of Wisconsin Ave., NW","5, 6, 8",,NPS,357,Whitehaven Parkway,5158.68082725059,187603.350831219,MULTI-SQUARES,,0.0,RES 03570000,,20007
293,294,Nps_280,Triangle,NACC,877.0,"New Jersey Ave., Between 2nd & Below I Sts., NW",1,,NPS,194,,100.72571244049999,626.789991137088,0000,,0.0,RES 01940000,,20001
294,295,Nps_259,Triangle,NACC,876.0,"New York Ave., Between 5th & L Sts., NW",1,,NPS,177,,32.099326854081895,62.444406214943,0000,,0.0,RES 01770000,,20001
295,296,Nps_498,Triangle,NACC,876.0,"New York Ave., Between East Side Of 5th & L Sts.,",8,,NPS,177A,,29.5593627358598,39.808616978151605,0000,,0.0,RES 177A0000,,20001
296,297,Nps_262,Triangle,NACC,876.0,"New York Ave. & L St., NW",1,,NPS,178,,136.81651618643602,827.014479782789,0000,,0.0,RES 01780000,,20001
297,298,Nps_238,Triangle,NACC,876.0,Rhode Island Ave. & M St. NW,1,,NPS,151,,107.30900027265498,305.039274636358,0000,,0.0,RES 01510000,,20036
298,299,Nps_229,Triangle,NACC,876.0,"Connecticut Ave., Between 18th & M Sts., NW",1,,NPS,150,,108.656850494701,479.690679850876,0000,,0.0,RES 01500000,,20036
299,300,Nps_223,Triangle,NACC,876.0,"Connecticut Ave., Between 18th & N Sts., NW",8,,NPS,150A,,36.6447570085654,63.2608879739694,0000,,0.0,RES 150A0000,,20036
300,301,Nps_241,Center Parking,NACC,876.0,"New York Ave., Between New Jersey Ave. & 3rd St.,",8,,NPS,179,,66.9182133956557,256.858965340416,0000,,0.0,RES 01790000,,20001
301,302,Nps_213,Triangle,NACC,862.0,"East Of Scott Circle, Massachusetts & Rhode Island Ave.","1, 8",,NPS,064,,326.45092692725,942.2817193567439,0000,,0.0,RES 00640000,,20005
302,303,Nps_215,Triangle,NACC,862.0,"South Of Res. 64 At Massachusetts Ave., NW",8,,NPS,064B,,71.1851582995066,199.666960993331,0000,,0.0,RES 064A0000,,20001
303,304,Nps_226,Triangle,NACC,862.0,"North Of Res. 64 At Rhode Island Ave., NW",8,,NPS,064A,,72.5688534768729,206.710288036512,0000,,0.0,RES 064B0000,,20001
304,305,Nps_003,Battleground National Cemetery,ROCR,858.0,"Georgia Ave., Between Whittier Pl. & Van Buren St.",9,,NPS,568,Battleground National Cemetery,252.756241415759,4014.39870474779,2971,,0.0,RES 05680000,,20012
305,306,,,,,"New Hampshire Ave. between 25th & H Sts., NW ",<Null>,1969-06-30T00:00:00.000Z,NPS,135,,37.7812906864689,55.0634113084948,0031,,0.0,RES 01350000,,20037
306,307,,,,,"New Hampshire Ave., south of H St., NW",<Null>,,NPS,26I,,41.271881894728104,72.8939761731264,0031,,0.0,RES 026I0000,,20037
307,308,,,NAMA,,"above Massachusetts Ave., between 5th & I Sts., NW",<Null>,,NPS,74,,135.700514955226,754.559866950271,0000,,0.0,RES 00740000,,20001
308,309,Nps_131,Bryce Park,ROCR,893.0,"Massachusetts Ave., Between Wisconsin Ave. & Garfield St., NW",6,,NPS,700,Bryce Park,236.284558246642,2391.9492380892,1928,,0.0,RES 07000000,,20007
309,310,Nps_128,Glover Parkway & Children's Playground,ROCR,836.0,"New Mexico Ave. & Cathedral Ave., NW","6, 7, 8, 10",,NPS,351E,Glover Parkway & Children's Playground,633.201783550594,14630.3479315443,PAR ,,7.0,PAR 03040007,304.0,20016
310,311,Nps_127,Glover Parkway & Children's Playground,ROCR,836.0,"New Mexico Ave., & 42nd St., NW","7, 8, 10",,NPS,351F,Glover Parkway & Children's Playground,965.171104744308,29218.1002527325,PAR ,,8.0,PAR 03040008,304.0,20007
311,312,Nps_520,Center Parking,ROCR,892.0,"Rock Creek Dr., Between Edgevale Terr. & Normanstone Dr.",8,,NPS,338,,226.546969592389,3165.92730412037,2140,,0.0,RES 03380000,,20008
312,313,Nps_135,National Zoo Entrance,ROCR,821.0,"Harvard St. Entrance, NW",6,,NPS,516,National Zoo Entrance,165.442196769093,897.161828796781,2587,,0.0,RES 05160000,,20006
313,314,Nps_198,Triangle,NACC,862.0,"Florida Ave. & 22nd St., NW",8,,NPS,057D,,210.371048894311,1537.4408787716598,0047,,0.0,RES 057D0000,,20037
314,315,Nps_244,Triangle,ROCR,840.0,"Pennsylvania Ave., Between 28th & M Sts., NW",1,,NPS,022,,88.90431371694339,285.32996505997,1195,,0.0,RES 00220000,,20007
315,316,Nps_245,Park,ROCR,893.0,"Pennsylvania Ave., Between 28th & M Sts., NW",8,,NPS,691,,70.94981267218141,311.650090537925,1194,,0.0,RES 06910000,,20007
316,317,Nps_133,Triangle,ROCR,878.0,"Mt. Pleasant St, Between 16th St., & Harvard St., NW",8,,NPS,309B,,175.923989470729,1089.0803545808,2594,,0.0,RES 309B0000,,20009
317,318,Nps_130,Triangle,ROCR,893.0,"16th & Irving Sts., NW",8,,NPS,565,,85.23788194235141,189.86378685128602,0000,,0.0,RES 05650000,,20009
318,319,Nps_103,Fort Bunker Hill,ROCR,880.0,"Perry Pl., Between 13th & 14th Sts., NE","5, 6",,NPS,443,Fort Bunker Hill,686.145920034673,25603.5847914683,3966,,0.0,RES 04430000,,98258
319,320,Nps_124,Curb Parking,ROCR,892.0,"Lamont & 15th Sts., Extended NE",8,,NPS,361,,42.395832025493895,93.9141603863158,0000,,0.0,RES 03610000,,20912
320,321,Nps_125,Triangle,ROCR,878.0,Lamont & West Side Of 16th Sts. NW,8,,NPS,309A,,133.307651808227,886.6977646562669,2595,E,0.0,RES 309A0000,,20010
321,322,Nps_119,Triangle,ROCR,878.0,"Park Rd., Between Pine & 16th Sts., NW",8,,NPS,309G,,132.547153001759,760.391533316698,2675,W,0.0,RES 309G0000,,20010
322,323,Nps_090,Barnard Hill,ROCR,832.0,"24th St., Between Randolph st. & Eastern Ave., NW","6,  8",,NPS,528,Barnard Hill,1446.3529409811301,92734.6531245328,4299,,0.0,RES 05280000,,20018
323,324,Nps_062,Fort Totten Park,ROCR,890.0,"Bates Rd., South Of Riggs Rd., NE",6,,NPS,544,Fort Totten Park,1839.4746612258602,169041.218458967,0000,,0.0,RES 05440000,,20011
324,325,Nps_528,Triangle,ROCR,893.0,"Tilden St. & Reno Rd., NW",8,,NPS,667,,70.8867468007684,228.48635510813,0000,,0.0,RES 06670000,,20008
325,326,Nps_527,Triangle,ROCR,893.0,"Reno Rd., Between 36th & Warren Sts., NW",10,,NPS,686,,95.08681881536181,328.495847809843,1966,S,0.0,RES 06860000,,20008
326,327,Nps_080,Tenley Circle,ROCR,892.0,"Nebraska & West Of Wisconsin Aves., NW",8,,NPS,398,Tenley Circle,104.61864491012,576.017240829404,0000,,0.0,RES 03980000,,20016
327,328,Nps_079,Tenley Circle,ROCR,892.0,"Nebraska & East Of Wisconsin Aves., NW",8,,NPS,399,Tenley Circle,104.767971442829,581.272905663656,0000,,0.0,RES 03990000,,20016
328,329,Nps_082,Triangle,ROCR,878.0,"Van Ness st., Between 41st & Nebraska Ave. NW",8,,NPS,330B,,298.737783839033,3624.3732895178996,0000,,0.0,RES 330B0000,,20016
329,330,Nps_085,Triangle,ROCR,878.0,"Van Ness st., Between 42nd & Nebraska Ave., NW",8,,NPS,330C,,117.540155544291,557.294791703026,0000,,0.0,RES 330C0000,,20016
330,331,Nps_073,Soapstone Valley,ROCR,846.0,"Connecticut Ave., Between Linnean Ave. & Yuma St., NW","5, 6",,NPS,402,Soapstone Valley,4702.6632326633,103563.889837993,"2046,2246,2248",,0.0,RES 04020000,,20008
331,332,Nps_526,Triangle,ROCR,893.0,"Nebraska Ave., Between 45th & Rockwood Pkwy., NW",8,,NPS,587,,62.8087896510019,204.78295234639702,0000,,0.0,RES 05870000,,20016
332,333,Nps_066,Dalecarlia Parkway,ROCR,0.0,"Between Massachusetts Ave. & Loughboro Rd., NW", ,1972-12-14T00:00:00.000Z,NPS,478,Dalecarlia Parkway,6547.44628475777,100654.886530124,0000,,0.0,RES 04780000,,20005
333,334,Nps_088,Triangle,ROCR,878.0,"5th st., Between Illinois Ave., Upsur St. & Grant Circle",8,,NPS,312A,,121.34651914913799,766.540783279053,3242,,0.0,RES 312A0000,,20011
334,335,Nps_084,Grant Circle,ROCR,830.0,"New Hampshire Ave., Between Illinois Ave. & 5th St. NW",8,,NPS,312,Grant Circle,343.57410650868803,9393.57539717828,0000,,0.0,RES 03120000,,20011
335,336,Nps_083,Triangle,ROCR,878.0,"Illinois Ave., Between 5th & Webster Sts., & Grant Circle",8,,NPS,312I,,124.50873286372601,800.1277940965109,3225,,0.0,RES 312I0000,,20011
336,337,Nps_091,Center Parking,ROCR,878.0,"Tilden St. & Linnean Ave., NW",8,,NPS,308A,,260.31628710047903,1661.23629593331,0000,,0.0,RES 308A0000,,20008
337,338,Nps_097,Ward Circle,ROCR,893.0,"Massachusetts & Nebraska Aves., NW",8,,NPS,572,,135.57546918351102,542.193385380399,0000,,0.0,RES 05720000,,20016
338,339,Nps_492,Shepherd Parkway,NACE,848.0,"South Capitol St. & 2nd St., SE & SW","5, 6, 9",,NPS,421,Shepherd Parkway,2596.0326385111803,136312.613979507,0000,,0.0,RES 04210000,,20003
339,340,Nps_489,Shepherd Parkway,NACE,848.0,"South Capitol St. & 2nd St., SE & SW","5, 6, 9",,NPS,421,Shepherd Parkway,2661.1400010209,149636.412601111,0000,,0.0,RES 04210000,,20003
340,341,Nps_490,Shepherd Parkway,NACE,848.0,"South Capitol St. & 2nd St., SE & SW","5, 6, 9",,NPS,421,Shepherd Parkway,780.3291444735361,9466.69881696415,0000,,0.0,RES 04210000,,20003
341,342,Nps_072,Sherman Circle,ROCR,845.0,"7th & Crittenden Sts. To Kansas & Illinois Aves., NW",8,,NPS,369,Sherman Circle,344.260640169908,9431.10817630115,0000,,0.0,RES 03690000,,20011
342,343,Nps_036,Triangle,ROCR,892.0,"Missouri Ave., Between Madison & 5th Sts., NW",8,,NPS,348,,114.126069110643,604.085622807115,3262,,0.0,RES 03480000,,20011
343,344,Nps_026,Triangle,ROCR,892.0,"Missouri Ave., Between Marietta Pl. & 8th St., NW",8,,NPS,346,,201.68279293360501,1424.5886342605,3155,N,0.0,RES 03460000,,20011
344,345,Nps_024,Triangle,ROCR,892.0,"Missouri Ave., Between Nicholson & 8th Sts. , NW",8,,NPS,345,,148.821167827839,740.4770414847479,2985,S,0.0,RES 03450000,,20011
345,346,Nps_012,Francis G. Newlands Park (Little Forest),ROCR,893.0,"Military rd., Between 28th & 30th sts., NW",10,,NPS,668,Francis G. Newlands Park,741.8056228459391,35377.61399087,2299,,0.0,RES 06680000,,98052
346,347,Nps_525,Triangle,ROCR,893.0,"Connecticut Ave., Between Fessenden & 36th Sts., NW",8,,NPS,573,,44.3433491947029,87.1801776538523,0000,,0.0,RES 05730000,,20008
347,348,Nps_056,Fort Circle Park,ROCR,832.0,"Fort Reno Park To Rock Creek Park , NW",6,,NPS,515,Fort Circle Park,162.999427981536,1190.0023235133199,1982,,0.0,RES 03970000,,20015
348,349,Nps_054,Triangle,ROCR,893.0,"Fessenden St., Between Reno Rd. & Nebraska Ave., NW",6,,NPS,643,,160.418115976519,1232.12243279856,1984,,0.0,RES 06430000,,20008
349,350,Nps_049,Fort Bayard Park,ROCR,879.0,"Western Ave., Between 46th & 47th sts., NW",6,,NPS,359,Fort Bayard Park,528.926793923639,16852.7853153874,1543,,0.0,RES 03590000,,98271
350,351,Nps_518,Curb Parking,ROCR,878.0,Western Ave. & Patterson St. NW,8,,NPS,335,,92.7833193839444,509.404819661443,0000,,0.0,RES 03350000,,20015
351,352,Nps_005,Triangle,ROCR,892.0,"Connecticut Ave., South Of Chevy Chase Circle, NW",8,,NPS,468,,90.0514437306802,137.357472621831,0000,,0.0,RES 04680000,,20008
352,353,Nps_004,Chevy Chase Circle,ROCR,892.0,"Western & Connecticut Aves., NW",8,,NPS,335A,Chevy Chase Circle,210.269770253849,2895.5852562392797,1746,,0.0,RES 335A0000,,20015
353,354,Nps_002,Pinehurst Parkway,ROCR,859.0,"Pinehurst Circle To Rock Creek Park, NW",6,,NPS,545,Pinehurst Parkway,4477.99818666589,67400.1727025829,"2359,2362",,0.0,RES 05450000,,
354,355,Nps_194,Triangle,NACC,877.0,"Florida Ave., Between Q & West Of North Capitol St.",1,,NPS,277,,37.414240782260606,52.65357549362621,0000,,0.0,RES 02770000,,20002
355,356,Nps_424,East Potomac Park,NACC,805.0,"Hains Pt. Below Long Railroad Bridge, SW",9,,NPS,333,East Potomac Park,7099.3277456875,1534639.07699249,PAR ,,5.0,PAR 03160005,316.0,20020
356,357,Nps_371,"The Mall, Smithsonian Grounds",NACC,802.0,"12th To 9th Sts NW & Constitution Ave., NW To Independence Ave.",1,,NPS,003,The National Mall,6629.89855714682,370692.938494085,PAR ,,6.0,PAR 03160006,316.0,20004
357,358,Nps_519,Rock Creek & Potomac Parkway,ROCR,844.0,"Along Rock Creek, Between Zoo & Theodore Roosevelt Bridge","2, 6, 8",,NPS,360,Rock Creek & Potomac Parkway,13589.1255043196,723644.634055238,0000,,0.0,RES 03600000,,20037
358,359,Nps_517,Curb Parking,ROCR,878.0,"Jenifer & 41st St., At Belt Rd., NW",8,,NPS,326C,,87.9370230910388,349.502154390604,1741,,815.0,1741    0815,,20016
359,360,Nps_501,Buzzard Point,NACE,893.0,"Anacostia River, Between 1st & Water Sts., SW",6,,NPS,629,Buzzard Point,410.84269809606303,8799.201751274491,0667,S,804.0,0667S   0804,,98926
360,361,Nps_497,Bald Eagle Hill,NACE,832.0,"Giesboro Rd. & Southern Ave., SW",6,,NPS,561,Bald Eagle Hill,1543.72224085908,88632.2262323209,0000,,0.0,RES 05610000,,20032
361,362,Nps_540,Baltimore Washington Parkway,NACE,842.0,DC Line To Md Rt. 176,9,,NPS,688,Baltimore Washington Parkway,686.922434057051,19156.9132303853,0000,,0.0,RES 06880000,,20002
362,363,Nps_006,Fort Stevens Park,ROCR,889.0,"13th St., Between Piney Branch Rd. & Rittenhouse St., NW","5, 6",,NPS,358,Fort Stevens Park,400.93349782611097,11222.1883975874,"2939,2940",,0.0,RES 03580000,,20011
363,364,Nps_008,Fort Circle Park,ROCR,832.0,"Fort Stevens Park To Fort Slocum Park, NW","6, 8",,NPS,494,Fort Circle Park,169.583000030997,1383.23100514038,"2939,2940",,0.0,RES 03580000,,
364,365,Nps_483,Battery Ricketts,NACE,832.0,"Fort Pl. Between Pearson & Bruce Pl., SE",6,,NPS,575,Battery Ricketts,861.206362957249,40586.3663936152,5745,,60.0,5745    0060,,20020
365,366,Nps_402,Triangle,NACE,840.0,"Pennsylvania Ave., Between 5th & C Sts.SE",1,,NPS,041,,238.335432915987,1633.4259722249499,0819,S,0.0,RES 00390000,,20002
366,367,Nps_395,Triangle,NACE,840.0,"Pennsylvania Ave., Between 5th & C Sts.SE",1,,NPS,040,,242.25397099510897,1650.16193492924,0819,S,0.0,RES 00400000,,20002
367,368,Nps_386,"Anacostia Park, Section F",NACE,831.0,"Anacostia River, Between Benning & Railroad Bridges","6, 9",,NPS,343F,Anacostia Park,712.6252657567329,31052.66662147,1121,,802.0,1121    0802,,20020
368,369,Nps_305,Triangle,NACE,877.0,"Maryland Ave., & G st. East Of 13th St.,, NE",1,,NPS,212,,30.3382203377662,40.5764005507431,0000,,0.0,RES 02120000,,20002
369,370,Nps_300,Triangle (Juarez Statue Site),NACC,875.0,New Hampshire & Virginia Aves. To 25th & G Sts. NW,1,,NPS,134,,100.330584124692,458.52165809232497,"0008,0017","E,S",0.0,RES 01340000,,20037
370,371,Nps_140,Park,ROCR,836.0,"Garfield St., Between Fulton St. & Foxhall Rd., NW","6, 8",,NPS,529,,862.3033713730299,27143.992828957,"1339,1340,1381,1615",,0.0,RES 05290000,,20007
371,372,Nps_138,Park,ROCR,836.0,"Garfield St., Between Fulton St. & Foxhall Rd., NW","6, 8",,NPS,529,,931.56427778673,30058.124809870296,"1339,1340,1381,1615",,0.0,RES 05290000,,20007
372,373,Nps_115,Fort Circle Park,ROCR,832.0,"Palisades Park to American University, NW",6,,NPS,530,Fort Circle Park,3303.3721918969895,211486.222202399,PAR ,,2.0,PAR 03030002,303.0,98466
373,374,Nps_121,Battery Kemble Park,ROCR,884.0,"Chain Bridge Rd., South Of Nebraska Av. & Little Falls Rd.",6,,NPS,521,Battery Kemble Park,460.206394841241,12079.0642746899,PAR ,,2.0,PAR 03030002,303.0,
374,375,Nps_095,Ward Circle,ROCR,893.0,"Massachusetts & Nebraska Aves., NW",8,,NPS,572,,134.832005946848,533.576300438881,0000,,0.0,RES 05720000,,20016
375,376,Nps_096,Ward Circle,ROCR,893.0,"Massachusetts & Nebraska Aves., NW",8,,NPS,572,Ward Circle,174.667591956791,2019.61282681971,0000,,0.0,RES 05720000,,20016
376,377,Nps_228,Potomac Palisades Parkway,ROCR,847.0,"Key Bridge To DC Line, NW","5, 6, 7, 8, 9",,NPS,404,,1887.07222132023,35466.9617323881,0000,,0.0,RES 04040000,,
377,378,Nps_126,Potomac Palisades Parkway,CHOH,847.0,"Key Bridge To DC Line, NW","5, 6, 7, 8, 9",,NPS,404,Potomac Palisades Parkway,13320.224222403702,849353.987782295,0000,,0.0,RES 04040000,,
378,379,Nps_160,Potomac Palisades Parkway,ROCR,847.0,"Key Bridge To DC Line, NW","5, 6, 7, 8, 9",,NPS,404,,1340.3090741344502,10119.231768015,0000,,0.0,RES 04040000,,
379,380,Nps_142,Chesapeake & Ohio Canal National Historical Park,CHOH,412.0, , ,,NPS,404,,187.432397673637,1267.1662347648,0000,,0.0,RES 04040000,,
380,381,Nps_122,"Clara Barton Parkway, Maryland",GWMP,851.0,"DC Line To Great Falls, MD","6, 9",,NPS,404M2,Clara Barton Parkway,1532.1862815143,35214.9543567332,0000,,0.0,RES 04040000,,
381,382,Nps_108,Chesapeake & Ohio Canal National Historical Park,CHOH,412.0, , ,,NPS,404,Chesapeake & Ohio Canal National Historical Park,2535.62886931218,282859.788215996,0000,,0.0,RES 04040000,,
382,383,Nps_118,Woodley Park,ROCR,893.0,"Cortland Pl. & Devonshire Pl ., NW","6, 8",,NPS,635,Woodley Park,860.30783749946,12259.6282341533,2103,,804.0,2103    0804,,20008
383,384,Nps_254,Chesapeake & Ohio Canal National Historical Park,CHOH,412.0,From Rock Creek and Potomac Parkway Along Potomac River To DC Line,4,,NPS,404,,191.52557907944401,1778.0355354146302,0000,,0.0,RES 04040000,,20008
384,385,Nps_253,Chesapeake & Ohio Canal National Historical Park,CHOH,412.0,From Rock Creek and Potomac Parkway Along Potomac River To DC Line,4,,NPS,404,,185.25796281366902,1344.34790369224,0000,,0.0,RES 04040000,,20008
385,386,Nps_252,Chesapeake & Ohio Canal National Historical Park,CHOH,412.0,From Rock Creek and Potomac Parkway Along Potomac River To DC Line,4,,NPS,404,,285.219363426182,2796.56110330779,0000,,0.0,RES 04040000,,20008
386,387,Nps_251,Chesapeake & Ohio Canal National Historical Park,CHOH,412.0,From Rock Creek and Potomac Parkway Along Potomac River To DC Line,4,,NPS,404,Chesapeake & Ohio Canal National Historical Park,1284.26901818799,14900.4797366628,0000,,0.0,RES 04040000,,20008
387,388,Nps_249,Potomac Palisades Parkway,CHOH,847.0,"Key Bridge To DC Line, NW","5, 6, 7, 8, 9",,NPS,404,,328.43137470215197,5759.54451371966,0000,,0.0,RES 04040000,,
388,389,Nps_153,Potomac Palisades Parkway,ROCR,847.0,"Key Bridge To DC Line, NW","5, 6, 7, 8, 9",,NPS,404,Potomac Palisades Parkway,5202.38288916174,107758.481800729,0000,,0.0,RES 04040000,,
389,390,Nps_129,Woodley Park,ROCR,893.0,"Cortland Pl. & Devonshire Pl ., NW","6, 8",,NPS,635,,211.751818564903,1018.84462086539,"2084,2103,2214,2215,2216",,0.0,RES 03560000,,20008
390,391,Nps_545,Rock Creek Park & Piney Branch Parkway,ROCR,821.0,"Klingle Rd. To DC Line, West Of 16th St., NW","5,6,7,8",,NPS,339,Rock Creek Park & Piney Branch Parkway,55996.0362252922,6840971.69903746,"2084,2103,2214,2215,2216",,0.0,RES 03560000,,20012
391,392,Nps_141,Potomac Palisades Parkway,ROCR,847.0,"Key Bridge To DC Line, NW","5, 6, 7, 8, 9",,NPS,404,Potomac Palisades Parkway,2828.27606461431,71039.7692251102,1412,,824.0,1412    0824,,
392,393,Nps_542,Baltimore Washington Parkway,NACE,842.0,DC Line To Md Rt. 176,9,,NPS,688,Baltimore Washington Parkway,1592.67616588567,48256.453240817806,0000,,0.0,RES 343G0000,,20002
393,394,Nps_506,"Anacostia Park, Section G",NACE,831.0,Anacostia River (both Banks) Between DC Line & Benning Rd.,"6, 9",,NPS,343G,Anacostia Park,4851.41543393556,199847.445056828,0000,,0.0,RES 343G0000,,
394,395,Nps_541,"Anacostia Park, Section G",NACE,831.0,Anacostia River (both Banks) Between DC Line & Benning Rd.,"6, 9",,NPS,343G,Anacostia Park,13030.5649581455,1371544.73581028,0000,,0.0,RES 343G0000,,
395,396,Nps_175,"Anacostia Park, Section G",NACE,831.0,Anacostia River (both Banks) Between DC Line & Benning Rd.,"6, 9",,NPS,343G,Anacostia Park,1123.13715001374,20391.804926933703,0000,,0.0,RES 343G0000,,
396,397,Nps_182,"Anacostia Park, Section G",NACE,831.0,Anacostia River (both Banks) Between DC Line & Benning Rd.,"6, 9",,NPS,343G,Anacostia Park,290.723667621481,2918.08089412257,0000,,0.0,RES 343G0000,,
397,398,Nps_183,"Anacostia Park, Section G",NACE,831.0,Anacostia River (both Banks) Between DC Line & Benning Rd.,"6, 9",,NPS,343G,Anacostia Park,70.0887589227684,336.533535042342,0000,,0.0,RES 343G0000,,
398,399,Nps_185,"Anacostia Park, Section G",NACE,831.0,Anacostia River (both Banks) Between DC Line & Benning Rd.,"6, 9",,NPS,343G,Anacostia Park,198.895849363675,1153.01770687944,0000,,0.0,RES 343G0000,,
399,400,Nps_207,"Anacostia Park, Section G",NACE,831.0,Anacostia River (both Banks) Between DC Line & Benning Rd.,"6, 9",,NPS,343G,Anacostia Park,8049.695096990179,668119.420629201,0000,,0.0,RES 343G0000,,
400,401,Nps_220,"Anacostia Park, Section G",NACE,831.0,Anacostia River (both Banks) Between DC Line & Benning Rd.,"6, 9",,NPS,343G,Anacostia Park,525.209162073827,9583.777622738051,0000,,0.0,RES 343G0000,,
401,402,Nps_240,"Anacostia Park, Section G",NACE,831.0,Anacostia River (both Banks) Between DC Line & Benning Rd.,"6, 9",,NPS,343G,Anacostia Park,298.076098150399,4485.37655183615,0000,,0.0,RES 343G0000,,
402,403,Nps_267,"Anacostia Park, Section G",NACE,831.0,Anacostia River (both Banks) Between DC Line & Benning Rd.,"6, 9",,NPS,343G,Anacostia Park,593.517504090319,12568.1932177116,0000,,0.0,RES 343G0000,,
403,404,Nps_189,Brentwood Park (Patterson Tract),NACC,849.0,"6th st., Between New York & Florida Aves., NE",6,,NPS,495,Brentwood Park,1117.23010094649,72996.5175373664,3594,,0.0,RES 04950000,,20002
404,405,Nps_173,Brentwood Park (Patterson Tract),NACC,849.0,"6th st., Between New York & Florida Aves., NE",6,,NPS,495,Brentwood Park,707.989793953964,19252.4866414781,3594,,0.0,RES 04950000,,20002
405,406,Nps_290,Fort Circle Park,NACE,832.0,"Anacostia Park To Fort Mahan Park, NE","6, 8",,NPS,523,Fort Circle Park,182.88035415112998,929.033888303223,"5071,5076,5077,5094",E,0.0,RES 05230000,,20019
406,407,Nps_289,Fort Circle Park,NACE,832.0,"Anacostia Park To Fort Mahan Park, NE","6, 8",,NPS,523,Fort Circle Park,292.210429248409,2412.71621557349,"5071,5076,5077,5094",E,0.0,RES 05230000,,20019
407,408,Nps_298,Fort Circle Park,NACE,832.0,"Anacostia Park To Fort Mahan Park, NE","6, 8",,NPS,523,Fort Circle Park,298.704603001475,2452.65020403268,"5071,5076,5077,5094",E,0.0,RES 05230000,,20019
408,409,Nps_302,Fort Circle Park,NACE,832.0,"Anacostia Park To Fort Mahan Park, NE","6, 8",,NPS,523,Fort Circle Park,243.840501055121,1783.74569862621,"5071,5076,5077,5094",E,0.0,RES 05230000,,20019
409,410,Nps_382,"Anacostia Park, Section F",NACE,831.0,"Anacostia River, Between Benning & Railroad Bridges","6, 9",,NPS,343F,Anacostia Park,508.32588407000395,12476.1950017522,0000,,0.0,RES 343F0000,,20020
410,411,Nps_509,"West Potomac Park, Lincoln Mem., Viet. Vet. Mem., FDR Mem",NACC,801.0,"Constitution Ave., Between 17th st. & the Potomac River",9,,NPS,332,National Mall & Memorial Parks,5759.3165677561,1024389.08538885,0000,,0.0,RES 03320000,,20003
411,412,Nps_351,Fort Circle Park,NACE,832.0,"Fort Mahan Park To Fort Dupont Park, SE",6,,NPS,500,Fort Circle Park,1599.24565095785,44887.8589562446,"5083,5084,5396,5397,5398,5400,5403,5407",,0.0,RES 05000000,,20019
412,413,Nps_385,Fort Circle Park,NACE,832.0,"Fort Mahan Park To Fort Dupont Park, SE",6,,NPS,500,Fort Circle Park,1273.36433429662,50632.8817681867,"5083,5084,5396,5397,5398,5400,5403,5407",,0.0,RES 05000000,,20019
413,414,Nps_396,Fort Circle Park,NACE,832.0,"Fort Mahan Park To Fort Dupont Park, SE",6,,NPS,500,Fort Circle Park,1654.5340765529002,72260.29179332769,"5083,5084,5396,5397,5398,5400,5403,5407",,0.0,RES 05000000,,20019
414,415,Nps_414,Fort Dupont Park,NACE,883.0,"Minnesota & Massachusetts Aves., SE","5, 6, 7, 10",,NPS,405,Fort Dupont Park,5242.10851851955,1480317.47833614,MULTI-SQUARES & PARCELS,,0.0,RES 04050000,,20019
415,416,Nps_467,Fort Circle Park,NACE,832.0,"Fort Dupont To Fort Stanton Park, SE","6, 8",,NPS,518,Fort Circle Park,2120.49779942573,91782.5661795131,MULTI-SQUARES & PARCELS,,0.0,RES 05180000,,
416,417,Nps_471,Fort Circle Park,NACE,832.0,"Fort Dupont To Fort Stanton Park, SE","6, 8",,NPS,518,Fort Circle Park,1739.42594314439,119968.46491167301,MULTI-SQUARES & PARCELS,,0.0,RES 05180000,,
417,418,Nps_470,Fort Circle Park,NACE,832.0,"Fort Dupont To Fort Stanton Park, SE","6, 8",,NPS,518,Fort Circle Park,2072.42083979698,131960.66824532198,MULTI-SQUARES & PARCELS,,0.0,RES 05180000,,
418,419,Nps_475,Fort Circle Park,NACE,832.0,"Fort Dupont To Fort Stanton Park, SE","6, 8",,NPS,518,Fort Circle Park,1482.57121748556,71724.17079801111,MULTI-SQUARES & PARCELS,,0.0,RES 05180000,,
419,420,Nps_477,Fort Circle Park,NACE,832.0,"Fort Dupont To Fort Stanton Park, SE","6, 8",,NPS,518,Fort Circle Park,152.010384632875,1099.44029552485,MULTI-SQUARES & PARCELS,,0.0,RES 05180000,,
420,421,Nps_480,Fort Circle Park,NACE,832.0,"Fort Dupont To Fort Stanton Park, SE","6, 8",,NPS,518,Fort Circle Park,1560.8631200872799,98854.23296136,MULTI-SQUARES & PARCELS,,0.0,RES 05180000,,
421,422,Nps_482,Fort Circle Park,NACE,832.0,"Fort Dupont To Fort Stanton Park, SE","6, 8",,NPS,518,Fort Circle Park,517.0791658306069,16057.5613414301,5740,,32.0,5740    0032,,
422,423,Nps_491,Oxon Run Parkway,NACE,856.0,"Mississippi Ave., Between 1st St. & Southern Ave., SE",6,,NPS,501,Oxon Run Parkway,4075.17599341665,398618.533991262,0000,,0.0,RES 05010000,,98942
423,424,Nps_481,Fort Stanton Park,NACE,888.0,"North Of Erie St., Between Pearson Pl. & 16th Sts., SE","5, 6, 8",,NPS,412,Fort Stanton Park,2880.13221119234,213000.84891432602,"5744,5749,5751,5752,5755,5778,5797,5815,5818,5819",,,RES 04120000,,20003
424,425,Nps_488,Fort Circle Park,NACE,832.0,"Fort Stanton Park To St. Elizabeth Hospital, SE","6, 9",,NPS,519,Fort Circle Park,662.169154205547,13053.3001002705,"5744,5819,5833,5834,5876,5880,5884",,,RES 05190000,,20032
425,426,Nps_484,Fort Circle Park,NACE,832.0,"Fort Stanton Park To St. Elizabeth Hospital, SE","6, 9",,NPS,519,Fort Circle Park,1154.03365768499,64402.477420652,"5744,5819,5833,5834,5876,5880,5884",,,RES 05190000,,20032
426,427,Nps_485,Fort Circle Park,NACE,832.0,"Fort Stanton Park To St. Elizabeth Hospital, SE","6, 9",,NPS,519,Fort Circle Park,1561.7272469771601,45093.9656925037,"5744,5819,5833,5834,5876,5880,5884",,,RES 05190000,,20032
427,428,Nps_025,Fort Circle Park,ROCR,832.0,"Fort Stevens Park To Fort Slocum Park, NW","6, 8",,NPS,494,Fort Circle Park,429.638465298752,4835.44737158375,MULTI-SQUARES & PARCELS,,0.0,RES 04940000,,
428,429,Nps_120,Fort Circle Park,ROCR,832.0,"Barnard Hill To Ft. Lincoln, NE",6,,NPS,520,Fort Circle Park,320.697421750413,3403.9981618246397,4303,,0.0,RES 05200000,,
429,430,,,,,,<Null>,,,,,537.725539439664,17951.2680478382,1818,,849.0,1818    0849,,
430,431,,,ROCR,,"South Dakota Ave., between 24th St. & Rhode Island Ave., NE
",<Null>,,NPS,313B,,119.265260472428,648.109562475893,0000,,0.0,RES 313B0000,,20018
431,432,,,ROCR,,"Harewood Rd., between 4th St. & Michigan Ave., NE",<Null>,,NPS,614,,67.920971610009,176.00539314567,0000,,0.0,RES 06140000,,20017
432,433,,,,,"New Hampshire Ave. & 15th St., south of W St., NW
",<Null>,,NPS,148,,30.451883229222805,42.7605535499759,0000,,0.0,RES 01480000,,20009
433,434,,,NAMA,,"Louisiana Ave., C & 1st Sts., NW",<Null>,,NPS,727,,98.40224343444521,445.633560945876,0633,,0.0,RES 07270000,,20001
434,435,,,NAMA,,"D St., Louisiana & New Jersey Aves., NW",<Null>,,NPS,728,,189.91554974122502,1637.40794087125,0632,,0.0,RES 07280000,,20001
435,436,,,NAMA,,"1901 Maryland Ave., between 12th & D Sts., SW",<Null>,,NPS,197,,121.16746205537599,450.905985168116,0000,,0.0,RES 01970000,,20024
436,437,,,NAMA,,"Virginia Ave., between Delaware Ave. & E St., NW",<Null>,,NPS,120,,78.51138911954679,132.88856565637101,0000,,0.0,RES 01200000,,52353
437,438,,,,,"South Capitol St., between Washington Ave. (Canal St.) and E St., SW
",<Null>,,NPS,6G,,115.91086643047899,590.717682679481,0000,,0.0,RES 006G0000,,20003
438,439,,,,,"North Carolina Ave., between E St. & east of 1st St., SE",<Null>,1969-01-30T00:00:00.000Z,NPS,229,,188.651419846905,828.352380322144,0000,,0.0,RES 02290000,,20003
439,440,,,,,"Washington Ave. (Canal St.), between D & South Capitol Sts., NW",<Null>,,NPS,6F,,598.6285962598799,3604.9861272551398,0640,,0.0,RES 006F0000,,20002
440,441,,,,,"1901 Washington Ave. (Canal St.) & New Jersey Ave., SE",<Null>,,NPS,289,,89.5982677337449,429.519801247699,0000,,0.0,RES 02890000,,07676
441,442,,Randle Circle,,,"Massachusetts Ave., Minnesota Ave., and 32nd St., SE",<Null>,,NPS,726,Randle Circle,497.421340995024,7089.399207286109,0000,,0.0,RES 07260000,,20005
442,443,,,,,"1901 Maryland Ave., between 10th & D Sts., SW",<Null>,,NPS,198,,161.94450497513202,840.858091650851,0352,,0.0,RES 01980000,,20001
443,444,,,,,,<Null>,,NPS,,,81.7019884389373,322.572531978056,6120,N,801.0,6120N   0801,,
444,445,,,,,,<Null>,,NPS,,,1524.1890289957998,123798.357023401,PAR ,,25.0,PAR 01630025,163.0,
445,446,,,,,,<Null>,,NPS,,,63.4208450183665,162.727956268288,5298,,803.0,5298    0803,,
446,447,,,,,,<Null>,,NPS,,,126.61802200981899,471.84087350963205,5297,,803.0,5297    0803,,
447,448,,,,,,<Null>,,NPS,,,79.1481660476295,285.588134158209,5296,,810.0,5296    0810,,
448,449,,,,,,<Null>,,NPS,,,96.2683514574007,478.051305799657,5287,,803.0,5287    0803,,
449,450,,,,,,<Null>,,NPS,,,57.7823764704686,137.917110946223,5295,,812.0,5295    0812,,
450,451,,,,,,<Null>,,NPS,,,69.7168535805245,199.172107559785,5295,,813.0,5295    0813,,
451,452,,,,,,<Null>,,NPS,,,2696.36232869122,67885.8798108504,PAR ,,81.0,PAR 01730081,173.0,
452,453,,United States National Arboretum,,,3501 NEW YORK AVENUE NE,<Null>,,NPS,,United States National Arboretum,8306.19231431732,1701987.98526411,0000,,16.0,PAR 01620016,162.0,20002
453,454,,,,,,<Null>,,NPS,,,1239.32373642904,86119.96234034731,0000,,147.0,PAR 01730147,173.0,
454,455,Nps_373,The Mall,NACC,802.0,"7th To 6th St. NW & Constitution Ave., To Independence Avenue, SW","1, 7, 9",,NPS,04 & 5,The National Mall,4922.5768830925,235180.473619288,PAR ,,7.0,PAR 03160007,316.0,20001
455,456,,Oxon Run Park,NACE,,"Mississippi Ave., Between 1st St. & Southern Ave., SE",6,,,,Oxon Run Park,1105.93775571682,28980.854428900497,,,,RES 05010000,,98942
456,457,Nps_234,Thomas Circle,NACC,828.0,"Massachusetts & Vermont Aves., NW",1,,,066,Thomas Circle,206.755953191337,3401.7796778328498,,,,RES 00660000,,20005
